HEAD_X,HEAD_Y,HEAD_Z,SHOULDER_CENTER_X,SHOULDER_CENTER_Y,SHOULDER_CENTER_Z,SHOULDER_LEFT_X,SHOULDER_LEFT_Y,SHOULDER_LEFT_Z,SHOULDER_RIGHT_X,SHOULDER_RIGHT_Y,SHOULDER_RIGHT_Z,SPINE_X,SPINE_Y,SPINE_Z,HIP_CENTER_X,HIP_CENTER_Y,HIP_CENTER_Z,HIP_LEFT_X,HIP_LEFT_Y,HIP_LEFT_Z,HIP_RIGHT_X,HIP_RIGHT_Y,HIP_RIGHT_Z,ELBOW_LEFT_X,ELBOW_LEFT_Y,ELBOW_LEFT_Z,WRIST_LEFT_X,WRIST_LEFT_Y,WRIST_LEFT_Z,HAND_LEFT_X,HAND_LEFT_Y,HAND_LEFT_Z,ELBOW_RIGHT_X,ELBOW_RIGHT_Y,ELBOW_RIGHT_Z,WRIST_RIGHT_X,WRIST_RIGHT_Y,WRIST_RIGHT_Z,HAND_RIGHT_X,HAND_RIGHT_Y,HAND_RIGHT_Z,KNEE_LEFT_X,KNEE_LEFT_Y,KNEE_LEFT_Z,ANKLE_LEFT_X,ANKLE_LEFT_Y,ANKLE_LEFT_Z,FOOT_LEFT_X,FOOT_LEFT_Y,FOOT_LEFT_Z,KNEE_RIGHT_X,KNEE_RIGHT_Y,KNEE_RIGHT_Z,ANKLE_RIGHT_X,ANKLE_RIGHT_Y,ANKLE_RIGHT_Z,FOOT_RIGHT_X,FOOT_RIGHT_Y,FOOT_RIGHT_Z
-0.227737,0.796406,2.167573,-0.227125,0.800439,2.355177,-0.306608,0.647222,2.203341,-0.353738,0.618753,2.152953,-0.254414,0.336713,2.266646,-0.299918,0.242238,2.283800,-0.297098,0.241032,2.276042,-0.306630,0.221027,2.288008,-0.208248,0.366501,2.067454,-0.081139,0.170481,2.055099,-0.049146,0.089572,2.080697,-0.300908,0.310118,2.079497,-0.094400,0.271743,2.294387,-0.027798,0.256559,2.379783,-0.205889,-0.294306,2.364430,-0.311570,-0.687565,2.385750,-0.386629,-0.735360,2.446308,-0.389322,-0.330971,2.569573,-0.449016,-0.651599,2.518898,-0.386962,-0.700504,2.572959
-0.228462,0.796644,2.165833,-0.228279,0.803472,2.353537,-0.308381,0.649776,2.200408,-0.354545,0.621326,2.150314,-0.224047,0.349883,2.290515,-0.252108,0.256457,2.319252,-0.244680,0.244513,2.300760,-0.258047,0.222943,2.336971,-0.202517,0.370756,2.067064,-0.066106,0.181375,2.060529,-0.030717,0.105303,2.090704,-0.301698,0.312624,2.076859,-0.095459,0.275008,2.293216,-0.028964,0.260458,2.377343,-0.249829,-0.302516,2.368437,-0.322447,-0.686413,2.381695,-0.394483,-0.734966,2.442193,-0.189959,-0.249443,2.632731,-0.395531,-0.638891,2.521763,-0.363226,-0.703486,2.571731
-0.230569,0.797329,2.164360,-0.231546,0.807529,2.352396,-0.310986,0.652410,2.197960,-0.356515,0.624609,2.148017,-0.212774,0.356382,2.299037,-0.239222,0.262947,2.327734,-0.227890,0.247891,2.308378,-0.251924,0.229368,2.341239,-0.198545,0.374369,2.067478,-0.053633,0.191902,2.066412,-0.016199,0.112052,2.097371,-0.303642,0.315834,2.074554,-0.097938,0.279006,2.292504,-0.031467,0.265060,2.375416,-0.275525,-0.303886,2.375101,-0.339697,-0.685218,2.379783,-0.409587,-0.734113,2.441132,-0.190775,-0.273430,2.645867,-0.433988,-0.626650,2.539917,-0.364533,-0.671553,2.583163
-0.234263,0.798522,2.163034,-0.235616,0.811113,2.351544,-0.314046,0.654730,2.195936,-0.359112,0.627806,2.146083,-0.207703,0.359736,2.302994,-0.231426,0.266282,2.333262,-0.218875,0.249097,2.312336,-0.244808,0.231942,2.347879,-0.195711,0.377394,2.068417,-0.045421,0.199335,2.070961,-0.005867,0.118288,2.103261,-0.306214,0.318962,2.072611,-0.101071,0.282731,2.292011,-0.034519,0.269263,2.373914,-0.294842,-0.308041,2.384693,-0.350984,-0.682163,2.373245,-0.287879,-0.724373,2.373597,-0.152739,-0.278051,2.648767,-0.257394,-0.686631,2.585814,-0.197525,-0.709196,2.652153
-0.238650,0.799654,2.162172,-0.239419,0.813738,2.351127,-0.319184,0.657085,2.194883,-0.361778,0.630500,2.144682,-0.207273,0.360680,2.304611,-0.233271,0.265896,2.333835,-0.221318,0.248699,2.313046,-0.244608,0.232998,2.349418,-0.194275,0.380511,2.070208,-0.040068,0.205941,2.075574,0.000956,0.124147,2.107929,-0.308857,0.321596,2.071196,-0.104222,0.285789,2.291808,-0.037508,0.272660,2.372937,-0.313780,-0.322572,2.406520,-0.363661,-0.682629,2.365467,-0.393769,-0.732230,2.398548,-0.150663,-0.286451,2.630676,-0.199218,-0.705352,2.606953,-0.107140,-0.725007,2.677579
-0.243038,0.800807,2.162312,-0.245217,0.816033,2.351864,-0.325237,0.658987,2.195086,-0.365736,0.633123,2.144094,-0.211390,0.360314,2.304653,-0.240214,0.264339,2.332070,-0.229602,0.246877,2.311236,-0.249859,0.233455,2.348491,-0.194346,0.383415,2.073211,-0.037479,0.210831,2.080054,0.004703,0.128974,2.112312,-0.312793,0.324158,2.070588,-0.108761,0.288667,2.292372,-0.041750,0.275812,2.372839,-0.322117,-0.327589,2.413848,-0.377344,-0.687203,2.356015,-0.426266,-0.740023,2.395797,-0.148040,-0.291505,2.619310,-0.132123,-0.706858,2.626295,-0.033384,-0.732519,2.698229
-0.248554,0.801997,2.163814,-0.252378,0.816877,2.354068,-0.330428,0.660020,2.195896,-0.370780,0.634976,2.144581,-0.219888,0.358465,2.303498,-0.249088,0.261990,2.330122,-0.239480,0.243767,2.308929,-0.258893,0.232343,2.347306,-0.196068,0.385147,2.077546,-0.037999,0.214232,2.087794,0.004992,0.133243,2.120095,-0.317820,0.325954,2.071052,-0.114349,0.290613,2.293889,-0.046987,0.278010,2.373818,-0.326531,-0.331843,2.424908,-0.389978,-0.690723,2.348669,-0.355794,-0.750025,2.350119,-0.151420,-0.298203,2.607049,-0.087226,-0.705198,2.643450,0.005941,-0.728632,2.720641
-0.254312,0.803338,2.166284,-0.258667,0.816836,2.356914,-0.335383,0.660209,2.197661,-0.375844,0.636170,2.145881,-0.227522,0.356038,2.303507,-0.256685,0.259377,2.329667,-0.247272,0.240670,2.307999,-0.267081,0.229992,2.347706,-0.201300,0.384673,2.084428,-0.042171,0.215410,2.098578,0.001149,0.135402,2.129998,-0.322873,0.327094,2.072330,-0.119783,0.291788,2.295999,-0.052152,0.279403,2.375554,-0.329003,-0.333886,2.432969,-0.424337,-0.698915,2.337538,-0.461422,-0.754385,2.384664,-0.157331,-0.304222,2.599550,-0.068397,-0.694478,2.651537,0.030614,-0.718735,2.724549
-0.261156,0.805387,2.170898,-0.265457,0.816717,2.361584,-0.339696,0.659892,2.200306,-0.381810,0.637245,2.148771,-0.235445,0.353793,2.303911,-0.263408,0.257096,2.330064,-0.253942,0.237426,2.307474,-0.275291,0.226902,2.349584,-0.208805,0.382435,2.091911,-0.051791,0.212578,2.111197,-0.012596,0.132158,2.143374,-0.328828,0.328110,2.075193,-0.125947,0.292764,2.299510,-0.058142,0.280563,2.378850,-0.330217,-0.334310,2.439942,-0.438283,-0.701532,2.333491,-0.385516,-0.750120,2.346311,-0.160433,-0.308179,2.596289,-0.070267,-0.653482,2.639116,0.022684,-0.690241,2.711981
-0.267399,0.808011,2.176529,-0.271345,0.816026,2.367069,-0.343526,0.659435,2.204312,-0.387628,0.637729,2.152741,-0.242235,0.352124,2.305307,-0.269223,0.255446,2.331490,-0.259140,0.234683,2.307457,-0.282671,0.223682,2.353127,-0.219098,0.378918,2.099818,-0.073639,0.201861,2.126249,-0.039355,0.121389,2.160756,-0.334641,0.328537,2.079140,-0.131808,0.293111,2.303877,-0.063918,0.281048,2.383153,-0.330723,-0.333819,2.445377,-0.455053,-0.701719,2.330061,-0.383894,-0.749757,2.335149,-0.163274,-0.311537,2.595299,-0.046464,-0.666418,2.655290,0.059735,-0.694096,2.728082
-0.278202,0.831202,2.208824,-0.282692,0.770680,2.385785,-0.347207,0.657940,2.210316,-0.401422,0.602255,2.169807,-0.253201,0.343429,2.313527,-0.275064,0.250249,2.340887,-0.263773,0.226181,2.312716,-0.290859,0.200852,2.378724,-0.235417,0.371569,2.109293,-0.098402,0.187585,2.135587,-0.073844,0.104183,2.171108,-0.348461,0.292870,2.096203,-0.145449,0.256995,2.321288,-0.077486,0.245039,2.400777,-0.331953,-0.333549,2.451021,-0.470756,-0.701198,2.328496,-0.381571,-0.749129,2.329090,-0.166651,-0.335667,2.608992,-0.051528,-0.663260,2.661828,0.053532,-0.689948,2.730557
-0.282884,0.840323,2.224723,-0.288208,0.740642,2.397769,-0.350654,0.654684,2.221900,-0.408491,0.581089,2.179880,-0.259555,0.330237,2.324991,-0.280177,0.240446,2.353311,-0.268081,0.212757,2.322069,-0.295018,0.186247,2.391762,-0.251890,0.363671,2.118672,-0.121687,0.173202,2.139968,-0.097726,0.090617,2.175759,-0.355531,0.271614,2.106260,-0.152352,0.235630,2.331436,-0.084362,0.223695,2.411079,-0.332889,-0.332843,2.455081,-0.490417,-0.700677,2.326648,-0.391546,-0.747130,2.324379,-0.169187,-0.345181,2.616523,-0.077713,-0.665011,2.665028,0.018707,-0.706876,2.725028
-0.285263,0.830467,2.237462,-0.286278,0.757285,2.421055,-0.352061,0.649769,2.237520,-0.411001,0.582467,2.194507,-0.254508,0.317868,2.358574,-0.271476,0.224785,2.394112,-0.257235,0.200871,2.366368,-0.289236,0.177015,2.416047,-0.267442,0.355227,2.128233,-0.153428,0.151866,2.140645,-0.152750,0.095154,2.163597,-0.358036,0.272924,2.120850,-0.153200,0.225970,2.344669,-0.085898,0.213195,2.419319,-0.333441,-0.332154,2.458160,-0.507189,-0.699908,2.325061,-0.405095,-0.745245,2.323054,-0.171545,-0.349353,2.624021,-0.094122,-0.666643,2.666834,-0.012813,-0.722485,2.718996
-0.285046,0.825496,2.244033,-0.284451,0.767695,2.431765,-0.352544,0.644331,2.257878,-0.411848,0.585603,2.205109,-0.245701,0.312449,2.379087,-0.264735,0.217704,2.414118,-0.248219,0.195699,2.391768,-0.281666,0.175399,2.430223,-0.281144,0.348676,2.137421,-0.173168,0.140111,2.139954,-0.188900,0.094900,2.154382,-0.358875,0.276009,2.131429,-0.152187,0.220737,2.351048,-0.085496,0.206237,2.424011,-0.333775,-0.331479,2.460476,-0.518232,-0.699127,2.323903,-0.424756,-0.744402,2.322324,-0.173232,-0.350743,2.632837,-0.107938,-0.668296,2.668586,-0.028027,-0.730219,2.716857
-0.282004,0.822589,2.249662,-0.281703,0.774637,2.439559,-0.350552,0.639728,2.275777,-0.410792,0.589608,2.214776,-0.237607,0.310439,2.392253,-0.259723,0.214437,2.425164,-0.243137,0.192973,2.403337,-0.272822,0.176456,2.441958,-0.291600,0.343959,2.144406,-0.203592,0.124676,2.139125,-0.216559,0.099351,2.149626,-0.357812,0.279974,2.141081,-0.148579,0.226131,2.364010,-0.083851,0.205912,2.432612,-0.371559,-0.335049,2.419163,-0.530635,-0.698914,2.323271,-0.443854,-0.742818,2.321309,-0.174419,-0.345041,2.642693,-0.124662,-0.671652,2.670491,-0.067939,-0.741614,2.703117
-0.277094,0.820575,2.256698,-0.277932,0.781578,2.448066,-0.346204,0.640647,2.296422,-0.407966,0.595422,2.225834,-0.223995,0.313376,2.406897,-0.248512,0.215747,2.437132,-0.232908,0.193208,2.414412,-0.258171,0.182781,2.455600,-0.303924,0.344033,2.153269,-0.227191,0.120281,2.139016,-0.242454,0.102421,2.149021,-0.354976,0.285749,2.152127,-0.137763,0.241583,2.378019,-0.075667,0.214838,2.443602,-0.394572,-0.337488,2.392650,-0.539573,-0.698480,2.322591,-0.454964,-0.741792,2.321681,-0.174228,-0.335582,2.652722,-0.138926,-0.673283,2.670772,-0.088047,-0.744034,2.697351
-0.271644,0.819646,2.265158,-0.272930,0.787907,2.457307,-0.342692,0.642327,2.309274,-0.403525,0.601781,2.237547,-0.209339,0.320260,2.420438,-0.232629,0.222721,2.450006,-0.220014,0.195888,2.423348,-0.239378,0.192583,2.473135,-0.314536,0.345308,2.162187,-0.243758,0.118598,2.140447,-0.269067,0.065392,2.151949,-0.350523,0.292069,2.163830,-0.133283,0.265747,2.401650,-0.070671,0.237051,2.466478,-0.391852,-0.332271,2.379138,-0.545887,-0.696480,2.321515,-0.461501,-0.740995,2.321784,-0.173819,-0.330237,2.659374,-0.152908,-0.674702,2.669555,-0.106282,-0.744396,2.696915
-0.259079,0.823891,2.277761,-0.267140,0.793119,2.466643,-0.338015,0.645466,2.321120,-0.398099,0.607725,2.248878,-0.198300,0.325483,2.429533,-0.220733,0.227895,2.458348,-0.206352,0.200531,2.430696,-0.228637,0.196788,2.482331,-0.324259,0.348462,2.171572,-0.262667,0.119834,2.143357,-0.285834,0.045849,2.156113,-0.345087,0.297975,2.175153,-0.128038,0.277068,2.413780,-0.064161,0.251917,2.481600,-0.350355,-0.314865,2.386641,-0.549300,-0.690653,2.320280,-0.465637,-0.740496,2.321781,-0.173514,-0.327777,2.664836,-0.166861,-0.673537,2.667842,-0.121858,-0.743849,2.694949
-0.250342,0.826690,2.288791,-0.261420,0.796749,2.476278,-0.332280,0.650387,2.334325,-0.392555,0.612557,2.259783,-0.188177,0.331466,2.435655,-0.209092,0.234439,2.463346,-0.193937,0.205768,2.434259,-0.217250,0.203470,2.488529,-0.334898,0.354323,2.183182,-0.277669,0.124257,2.147531,-0.295639,0.038467,2.158111,-0.339531,0.302769,2.186053,-0.123428,0.283002,2.422266,-0.058240,0.260863,2.492448,-0.322583,-0.304815,2.388638,-0.540966,-0.658285,2.317262,-0.468475,-0.739668,2.321733,-0.172033,-0.327913,2.672305,-0.177464,-0.673437,2.666367,-0.131992,-0.743363,2.694514
-0.240125,0.831615,2.303364,-0.254254,0.799046,2.488938,-0.327976,0.653591,2.343579,-0.385986,0.616490,2.272090,-0.163753,0.350167,2.448602,-0.178345,0.256453,2.476602,-0.164102,0.219228,2.440028,-0.185699,0.227284,2.507951,-0.343770,0.360646,2.193690,-0.288868,0.130214,2.152667,-0.303152,0.035440,2.163049,-0.332949,0.306661,2.198358,-0.118322,0.287489,2.433040,-0.052638,0.268652,2.504704,-0.303397,-0.300766,2.389772,-0.525464,-0.634732,2.316866,-0.467159,-0.734731,2.321111,-0.167621,-0.329153,2.681137,-0.185178,-0.673258,2.664378,-0.138794,-0.742241,2.694270
-0.234290,0.834910,2.314994,-0.247357,0.799818,2.501006,-0.323501,0.656131,2.351985,-0.379405,0.619097,2.283779,-0.134778,0.372097,2.466823,-0.144360,0.281034,2.495931,-0.124307,0.234996,2.452768,-0.151533,0.254239,2.534636,-0.350792,0.366723,2.202559,-0.297049,0.137317,2.159981,-0.306574,0.038302,2.172918,-0.326355,0.309227,2.210048,-0.110665,0.288815,2.441479,-0.045459,0.273149,2.513548,-0.275613,-0.296408,2.389281,-0.500930,-0.615825,2.320786,-0.435716,-0.713621,2.319515,-0.162843,-0.327216,2.687557,-0.192819,-0.668990,2.659903,-0.143883,-0.740522,2.695311
-0.228698,0.838843,2.324851,-0.242025,0.800604,2.510303,-0.319238,0.658423,2.359532,-0.373750,0.621221,2.293518,-0.124097,0.379841,2.473652,-0.131947,0.289677,2.502982,-0.109726,0.240660,2.457365,-0.138863,0.263851,2.544575,-0.356191,0.373193,2.211153,-0.301908,0.145166,2.166986,-0.306075,0.048479,2.187848,-0.320690,0.311313,2.219788,-0.104541,0.289623,2.448434,-0.039371,0.276433,2.520986,-0.248795,-0.289850,2.389354,-0.465159,-0.605577,2.333743,-0.394724,-0.701917,2.328574,-0.159167,-0.326371,2.690531,-0.216889,-0.658834,2.636329,-0.149109,-0.736520,2.695099
-0.223077,0.843078,2.334810,-0.234710,0.801184,2.520416,-0.315237,0.660915,2.367284,-0.366672,0.622956,2.303604,-0.109611,0.418030,2.487168,-0.119538,0.332780,2.514823,-0.097412,0.252340,2.454593,-0.123318,0.287766,2.572596,-0.359686,0.378776,2.219348,-0.303630,0.152503,2.174681,-0.303120,0.057674,2.199884,-0.313602,0.313007,2.229873,-0.096165,0.289381,2.456794,-0.031902,0.278581,2.529051,-0.222221,-0.290398,2.391967,-0.409772,-0.609482,2.354363,-0.336929,-0.701807,2.339860,-0.152760,-0.318616,2.690343,-0.248041,-0.634109,2.617077,-0.171674,-0.715811,2.684064
-0.219041,0.845260,2.342259,-0.227103,0.801618,2.529241,-0.310734,0.662653,2.374478,-0.359283,0.624247,2.312696,-0.103323,0.428932,2.492295,-0.113635,0.344649,2.519307,-0.090949,0.258425,2.453139,-0.116650,0.295238,2.581256,-0.360634,0.382205,2.227590,-0.302231,0.157236,2.184029,-0.296452,0.064213,2.213068,-0.306204,0.314257,2.238965,-0.087694,0.287407,2.464781,-0.024276,0.278611,2.536775,-0.192202,-0.296592,2.400578,-0.357570,-0.621493,2.373405,-0.273088,-0.708920,2.354923,-0.148401,-0.314370,2.688051,-0.286752,-0.609252,2.582456,-0.210416,-0.694030,2.652979
-0.214259,0.846414,2.348596,-0.220210,0.801542,2.536171,-0.305914,0.663839,2.381240,-0.352335,0.624860,2.320264,-0.098979,0.435827,2.495745,-0.109837,0.352520,2.522236,-0.087101,0.262969,2.450783,-0.112363,0.299889,2.587298,-0.358598,0.385162,2.238315,-0.291921,0.162296,2.204113,-0.283161,0.070427,2.231370,-0.299246,0.314830,2.246533,-0.079258,0.284597,2.470871,-0.016184,0.277172,2.543115,-0.160527,-0.305327,2.413517,-0.295634,-0.644712,2.395614,-0.336562,-0.714006,2.436882,-0.243268,-0.230879,2.694889,-0.230139,-0.641549,2.634193,-0.166642,-0.728597,2.692471
-0.208004,0.847029,2.355240,-0.209254,0.801451,2.543869,-0.298925,0.664512,2.389041,-0.342676,0.625243,2.328201,-0.095705,0.440697,2.498311,-0.107828,0.357586,2.523826,-0.085028,0.266128,2.447985,-0.110313,0.301433,2.591062,-0.353099,0.386969,2.250349,-0.275868,0.165907,2.225266,-0.264111,0.075191,2.250051,-0.289578,0.315169,2.254469,-0.070633,0.284751,2.480079,-0.008357,0.277761,2.552113,-0.135033,-0.314059,2.425205,-0.245693,-0.668618,2.413794,-0.316964,-0.723763,2.468621,-0.271728,-0.227103,2.690597,-0.218166,-0.670014,2.634307,-0.148083,-0.732661,2.721016
-0.200184,0.847350,2.361264,-0.198633,0.801853,2.550085,-0.289873,0.664517,2.396632,-0.080120,0.623540,2.648406,-0.134332,0.431291,2.527262,-0.107369,0.360626,2.523705,-0.121205,0.272574,2.433008,-0.072032,0.285990,2.583656,-0.346225,0.388412,2.260849,-0.264264,0.168485,2.236974,-0.248203,0.078717,2.260496,-0.034476,0.341515,2.543551,0.020734,0.208450,2.831089,-0.008571,0.253945,2.818047,-0.112979,-0.319310,2.434620,-0.171511,-0.691107,2.422703,-0.126939,-0.730169,2.406386,-0.280417,-0.254814,2.684415,-0.269590,-0.639212,2.586738,-0.201077,-0.670362,2.537061
-0.184954,0.846851,2.367452,-0.187251,0.801702,2.555095,-0.280058,0.664311,2.402994,-0.036962,0.623154,2.698104,-0.154767,0.419533,2.543604,-0.107773,0.357563,2.521844,-0.136424,0.272434,2.429728,-0.050125,0.250266,2.572398,-0.329824,0.386843,2.273968,-0.248997,0.167837,2.245442,-0.225525,0.079040,2.268404,0.043964,0.345555,2.610919,0.045764,0.201811,2.881691,0.036646,0.168674,2.877701,-0.096273,-0.320966,2.441571,-0.100749,-0.702796,2.431803,-0.037233,-0.736110,2.420317,-0.261362,-0.294750,2.658094,-0.276658,-0.679568,2.603137,-0.184746,-0.694936,2.533382
-0.170493,0.847045,2.372155,-0.173076,0.801469,2.559212,-0.267502,0.664185,2.408653,0.007972,0.621849,2.745948,-0.141342,0.421185,2.563220,-0.082873,0.362577,2.531178,-0.123061,0.272186,2.439868,-0.006992,0.259202,2.589882,-0.313770,0.385240,2.283624,-0.229108,0.167278,2.250910,-0.205399,0.078882,2.271509,0.110434,0.349398,2.660559,0.071189,0.198653,2.905733,0.063176,0.133259,2.906844,-0.073983,-0.310920,2.448198,-0.027575,-0.707209,2.430953,0.058773,-0.735628,2.394233,-0.158672,-0.309853,2.573606,-0.260066,-0.702677,2.621140,-0.169287,-0.698018,2.515611
-0.156237,0.846876,2.375669,-0.155169,0.799756,2.562257,-0.247987,0.662879,2.413960,0.013003,0.620897,2.711209,-0.128625,0.422762,2.573094,-0.069569,0.364600,2.535540,-0.111236,0.271317,2.447127,0.014175,0.265264,2.598572,-0.298478,0.384578,2.290123,-0.208229,0.167936,2.254745,-0.183677,0.079959,2.273940,0.131773,0.349947,2.659676,0.095678,0.201055,2.902976,0.090716,0.127152,2.893271,-0.053390,-0.299324,2.453597,0.036704,-0.703644,2.426659,0.123195,-0.732472,2.370156,-0.105058,-0.324260,2.535520,-0.248521,-0.711644,2.631994,-0.150038,-0.701849,2.520448
-0.140182,0.846158,2.377393,-0.138348,0.797623,2.563412,-0.230588,0.661721,2.417207,0.027059,0.624742,2.708901,-0.117797,0.418883,2.574313,-0.060708,0.359273,2.534911,-0.104126,0.269736,2.450829,0.019338,0.250475,2.590461,-0.282080,0.384676,2.294162,-0.191440,0.168540,2.256360,-0.165995,0.080930,2.274828,0.149517,0.353571,2.656236,0.120387,0.202156,2.899960,0.119900,0.124309,2.885158,-0.042722,-0.296075,2.456784,0.085595,-0.696477,2.423433,0.174290,-0.730308,2.350122,-0.047849,-0.356534,2.503098,-0.240773,-0.715403,2.638385,-0.130449,-0.728018,2.661736
-0.120506,0.846380,2.377455,-0.122581,0.795924,2.563086,-0.216277,0.660716,2.418465,0.066820,0.626209,2.738370,-0.100243,0.414715,2.572709,-0.049115,0.353598,2.535156,-0.082965,0.265732,2.456276,0.027247,0.244085,2.591047,-0.265313,0.385660,2.295323,-0.163892,0.172770,2.258230,-0.140944,0.091105,2.273499,0.167516,0.356723,2.651761,0.147284,0.196591,2.891981,0.137577,0.114122,2.889428,-0.034555,-0.292172,2.459277,0.135830,-0.695917,2.418161,0.205226,-0.729214,2.337651,-0.022440,-0.369516,2.498869,-0.235706,-0.716876,2.642461,-0.122057,-0.732049,2.692262
-0.097213,0.846057,2.374259,-0.099263,0.791792,2.558770,-0.194909,0.657149,2.415691,0.080620,0.629806,2.717251,-0.077654,0.411754,2.565944,-0.034821,0.348820,2.532660,-0.063484,0.262464,2.455388,0.034159,0.239544,2.590672,-0.240436,0.384097,2.293739,-0.144114,0.171382,2.257055,-0.125446,0.095228,2.271583,0.135524,0.349812,2.557375,0.161576,0.210397,2.834888,0.162483,0.135087,2.815140,-0.027987,-0.288640,2.461365,0.156928,-0.694661,2.417112,0.246170,-0.730400,2.332282,-0.004352,-0.372143,2.502964,-0.229653,-0.716699,2.645787,-0.115397,-0.737961,2.734941
-0.075320,0.845042,2.370221,-0.073098,0.787908,2.553459,-0.172847,0.652797,2.410949,0.090113,0.629799,2.684562,-0.051608,0.407808,2.553179,-0.014132,0.342575,2.522942,-0.045052,0.259753,2.448105,0.046787,0.234606,2.582751,-0.215796,0.378441,2.289372,-0.121528,0.165733,2.253727,-0.108019,0.097047,2.266582,0.143523,0.345318,2.527367,0.177601,0.212094,2.790356,0.183946,0.140607,2.767058,-0.020071,-0.284983,2.463458,0.186082,-0.688632,2.411322,0.255448,-0.730383,2.329553,0.020093,-0.375594,2.504882,-0.219313,-0.715413,2.648359,-0.110583,-0.741058,2.752783
-0.057444,0.843263,2.365853,-0.047670,0.785184,2.547978,-0.143515,0.650926,2.405354,0.101261,0.628642,2.662425,-0.024111,0.403385,2.540129,0.012532,0.335949,2.510569,-0.020866,0.257758,2.437085,0.067441,0.230547,2.569443,-0.194845,0.373114,2.284559,-0.100638,0.160042,2.248179,-0.083075,0.092560,2.259304,0.145277,0.341895,2.499957,0.199399,0.203849,2.748366,0.192363,0.140704,2.749059,-0.004965,-0.280268,2.464093,0.199975,-0.686613,2.409234,0.268398,-0.730859,2.326805,0.034415,-0.375762,2.512386,-0.205883,-0.713880,2.650418,-0.103198,-0.742815,2.760200
-0.041582,0.841642,2.361785,-0.025440,0.783231,2.543365,-0.120408,0.647705,2.400220,0.128412,0.620990,2.638547,0.001677,0.400795,2.529996,0.038756,0.332544,2.499272,0.003154,0.256652,2.424809,0.100068,0.229089,2.553318,-0.173046,0.368129,2.278245,-0.077927,0.154663,2.238290,-0.062765,0.086414,2.253023,0.158326,0.336106,2.478010,0.224044,0.190914,2.703605,0.223008,0.142067,2.760822,0.018238,-0.275953,2.462057,0.209152,-0.685377,2.407639,0.273219,-0.731870,2.330818,0.071720,-0.357657,2.508490,-0.178248,-0.701935,2.647960,-0.089772,-0.742063,2.757473
-0.014888,0.837442,2.351279,-0.002581,0.780907,2.535210,-0.093998,0.642110,2.392678,0.144870,0.618632,2.629413,0.040797,0.395435,2.514754,0.081000,0.327553,2.483863,0.049708,0.250921,2.408210,0.140722,0.227160,2.536831,-0.153805,0.364640,2.272422,-0.061309,0.150472,2.228260,-0.039767,0.071991,2.242518,0.173289,0.333093,2.465020,0.282354,0.161199,2.598938,0.284193,0.127299,2.692711,-0.027956,-0.291249,2.595252,0.207392,-0.662976,2.409809,0.271838,-0.706360,2.339540,0.084371,-0.355043,2.509698,-0.169158,-0.700749,2.648993,-0.078113,-0.741370,2.750158
0.005951,0.835194,2.341773,0.015298,0.779956,2.527254,-0.073768,0.638133,2.386231,0.167302,0.616190,2.620748,0.065809,0.397529,2.504232,0.109438,0.331985,2.471833,0.084358,0.255137,2.386990,0.174623,0.230246,2.526631,-0.129645,0.360131,2.263324,-0.043578,0.144722,2.215602,-0.023756,0.066235,2.232985,0.227585,0.326083,2.470587,0.282530,0.107029,2.501693,0.275104,0.099145,2.560684,-0.031407,-0.277429,2.638602,0.199217,-0.628187,2.409066,0.265389,-0.670608,2.341604,0.092859,-0.353761,2.511261,-0.162367,-0.699782,2.649647,-0.073606,-0.737330,2.715650
0.024739,0.835012,2.330790,0.037285,0.779780,2.515042,-0.054904,0.635742,2.379170,0.203631,0.610409,2.606362,0.084814,0.397273,2.495199,0.129017,0.332249,2.461364,0.100065,0.255640,2.377889,0.197616,0.229603,2.514527,-0.099923,0.353579,2.250010,-0.022786,0.136265,2.198071,-0.006843,0.061605,2.219753,0.253403,0.320810,2.466873,0.288235,0.082840,2.455389,0.283975,0.034460,2.483941,-0.034452,-0.275587,2.662504,0.199239,-0.618663,2.408833,0.264989,-0.660735,2.341879,0.100879,-0.354054,2.513692,-0.150302,-0.692288,2.649723,-0.063373,-0.735863,2.701289
0.042078,0.833726,2.319962,0.055523,0.780277,2.504480,-0.031623,0.634515,2.366384,0.224530,0.611299,2.601822,0.100328,0.396472,2.484286,0.144946,0.331598,2.449361,0.113644,0.255068,2.367699,0.214328,0.228842,2.500261,-0.075076,0.347100,2.235894,-0.003041,0.128047,2.181519,0.005766,0.059929,2.208290,0.273715,0.319752,2.465162,0.324190,0.074629,2.424248,0.348592,0.006441,2.427356,-0.028309,-0.274900,2.673785,0.201744,-0.615856,2.407267,0.268606,-0.658138,2.340576,0.133290,-0.363734,2.515451,-0.141124,-0.686590,2.649459,-0.053683,-0.732440,2.701267
0.062734,0.832861,2.308517,0.077413,0.782154,2.493409,-0.011406,0.634951,2.354164,0.240200,0.613172,2.599019,0.114719,0.397036,2.471580,0.158697,0.332126,2.435786,0.124017,0.254992,2.356923,0.228933,0.230924,2.482748,-0.046178,0.345655,2.218061,0.015268,0.123757,2.166370,0.033521,0.044598,2.188132,0.294692,0.321522,2.463915,0.339147,0.082145,2.429872,0.362501,-0.005602,2.402316,0.001396,-0.274083,2.665157,0.208256,-0.625840,2.403328,0.277246,-0.668402,2.336173,0.148171,-0.365349,2.516141,-0.096646,-0.632755,2.650870,-0.018592,-0.689758,2.713198
0.079066,0.833192,2.295110,0.098735,0.784988,2.478810,0.006996,0.636540,2.341279,0.255436,0.616407,2.594732,0.163571,0.409267,2.453917,0.210359,0.348183,2.419526,0.177298,0.258055,2.341410,0.285793,0.264377,2.469531,-0.027476,0.346906,2.205271,0.039180,0.126093,2.148045,0.058576,0.040356,2.169771,0.329272,0.357151,2.423185,0.357868,0.127911,2.424106,0.362859,0.081187,2.417004,0.194056,-0.295333,2.440425,0.219211,-0.667270,2.401476,0.287356,-0.713443,2.351986,0.182938,-0.332121,2.502696,-0.063526,-0.627814,2.665432,0.011739,-0.699378,2.729166
0.096560,0.834062,2.281387,0.113334,0.786952,2.467214,0.022448,0.638458,2.329476,0.268288,0.619620,2.589736,0.188689,0.412953,2.442375,0.238403,0.352930,2.407786,0.205154,0.258855,2.331622,0.319196,0.276401,2.456652,-0.006053,0.348294,2.188761,0.063386,0.127359,2.132047,0.085080,0.036954,2.149331,0.344084,0.373023,2.388877,0.374997,0.143007,2.403986,0.370665,0.106754,2.403944,0.235004,-0.301001,2.412028,0.226539,-0.687825,2.401637,0.293331,-0.737135,2.359539,0.158202,-0.287897,2.597055,-0.031519,-0.576466,2.656320,0.017265,-0.677981,2.716248
0.111957,0.833567,2.267379,0.128185,0.788656,2.454168,0.039774,0.639988,2.316002,0.313255,0.600793,2.544814,0.207680,0.401938,2.432434,0.258702,0.332252,2.393759,0.218780,0.255642,2.326475,0.338092,0.247708,2.437676,0.011314,0.350681,2.175353,0.092513,0.134744,2.106571,0.118726,0.043250,2.121906,0.362549,0.349585,2.342949,0.389494,0.139429,2.407116,0.381108,0.099193,2.414783,0.254120,-0.309533,2.381571,0.231053,-0.697414,2.401907,0.296634,-0.747543,2.362662,0.151771,-0.293304,2.634233,-0.017581,-0.574188,2.658229,0.032427,-0.677291,2.717537
0.128104,0.831613,2.255523,0.140351,0.789722,2.444330,0.056213,0.641570,2.305511,0.338041,0.597835,2.516122,0.217120,0.397040,2.427478,0.267823,0.324701,2.387715,0.227831,0.252646,2.322715,0.345533,0.236069,2.430217,0.028715,0.353750,2.159887,0.117804,0.142011,2.082483,0.150211,0.052422,2.096699,0.371297,0.344360,2.326840,0.415222,0.134832,2.410746,0.419147,0.081598,2.432875,0.261545,-0.309217,2.378070,0.235836,-0.702254,2.401877,0.299002,-0.753730,2.364344,0.199321,-0.277165,2.733978,0.024817,-0.578471,2.669384,0.071556,-0.688798,2.722898
0.141591,0.829210,2.245895,0.152572,0.790675,2.435400,0.071068,0.642964,2.296955,0.349684,0.597503,2.503578,0.223532,0.392589,2.423158,0.273618,0.319230,2.382912,0.233840,0.248618,2.318924,0.348859,0.228790,2.425230,0.045079,0.356677,2.144588,0.148180,0.153257,2.054406,0.183220,0.065499,2.069777,0.378118,0.341125,2.316380,0.446445,0.141859,2.420460,0.480355,0.085107,2.463691,0.266717,-0.313652,2.376762,0.240658,-0.704192,2.401956,0.302119,-0.756965,2.365135,0.391587,-0.238084,2.652602,0.115002,-0.577530,2.674386,0.135117,-0.695616,2.721585
0.155050,0.826380,2.236387,0.165291,0.792077,2.426334,0.083091,0.644378,2.290409,0.360440,0.602899,2.495908,0.228663,0.389904,2.420068,0.278395,0.316156,2.379566,0.238894,0.245218,2.315914,0.351803,0.224675,2.422080,0.063752,0.359298,2.127773,0.169051,0.158288,2.038084,0.206510,0.071595,2.051113,0.416468,0.340669,2.333868,0.500087,0.158792,2.457967,0.539713,0.098168,2.510515,0.273441,-0.319233,2.376789,0.246322,-0.703468,2.402056,0.306544,-0.757006,2.364689,0.438566,-0.234827,2.654837,0.166693,-0.583436,2.673853,0.168987,-0.699662,2.720027
0.169133,0.823775,2.226386,0.178759,0.793728,2.416569,0.096749,0.645341,2.283693,0.368353,0.608775,2.490510,0.234146,0.387510,2.416977,0.283094,0.313921,2.376770,0.245248,0.242010,2.312663,0.355312,0.222288,2.419651,0.078058,0.360523,2.114994,0.191981,0.164204,2.023956,0.233239,0.079259,2.033067,0.430110,0.340281,2.337061,0.520405,0.164764,2.469702,0.560974,0.102109,2.524502,0.271596,-0.322865,2.383801,0.252221,-0.700819,2.401901,0.310815,-0.755423,2.363184,0.466825,-0.258164,2.606068,0.194558,-0.601645,2.647430,0.216449,-0.706720,2.700077
0.183058,0.821329,2.218809,0.190706,0.794594,2.409435,0.107660,0.645974,2.278551,0.381751,0.616976,2.489521,0.239595,0.385666,2.414400,0.287396,0.312356,2.374497,0.250290,0.239648,2.310229,0.358720,0.220568,2.417917,0.092826,0.361744,2.104109,0.208941,0.167628,2.014099,0.252773,0.083795,2.019664,0.440853,0.341412,2.340766,0.533547,0.169063,2.476616,0.574932,0.104883,2.533024,0.267557,-0.324997,2.392726,0.257745,-0.697624,2.401806,0.314937,-0.753253,2.361712,0.493807,-0.268877,2.589434,0.216663,-0.611758,2.627381,0.246673,-0.711613,2.683017
0.196157,0.818312,2.212708,0.203605,0.794956,2.403354,0.120087,0.645673,2.273582,0.395764,0.625336,2.491995,0.246414,0.385136,2.411607,0.293130,0.312365,2.372191,0.256641,0.237796,2.306985,0.363431,0.220050,2.417090,0.109120,0.362224,2.094385,0.226595,0.169834,2.005856,0.271986,0.086876,2.008190,0.476669,0.342852,2.356571,0.552582,0.170031,2.481053,0.590757,0.105614,2.536782,0.265544,-0.326215,2.398241,0.264465,-0.692589,2.401087,0.318669,-0.751432,2.360653,0.502909,-0.289393,2.565205,0.228320,-0.618499,2.612053,0.308332,-0.690729,2.642547
0.207974,0.815365,2.207959,0.216508,0.794952,2.398443,0.133835,0.643672,2.267788,0.407286,0.630966,2.493342,0.255978,0.385065,2.407154,0.301912,0.313274,2.368151,0.263557,0.236636,2.302563,0.373515,0.221084,2.414498,0.120512,0.361708,2.087477,0.241884,0.171438,1.999463,0.288947,0.089539,2.000148,0.497640,0.342246,2.368206,0.568255,0.167655,2.482833,0.604370,0.102818,2.535801,0.264953,-0.327396,2.401798,0.270108,-0.688414,2.400224,0.322299,-0.749551,2.359620,0.517015,-0.305781,2.548550,0.393236,-0.678010,2.612619,0.460981,-0.730146,2.637901
0.228551,0.808123,2.205972,0.253390,0.750788,2.387612,0.144597,0.642044,2.263049,0.420375,0.636289,2.494030,0.271974,0.385830,2.406532,0.317039,0.317878,2.370012,0.289941,0.233847,2.306623,0.386602,0.224117,2.419920,0.129432,0.361791,2.082670,0.252754,0.172803,1.995425,0.300283,0.091492,1.995233,0.507366,0.342458,2.371471,0.578849,0.165917,2.481658,0.613720,0.100271,2.530510,0.265109,-0.328464,2.404417,0.277180,-0.683761,2.399560,0.326233,-0.747590,2.358504,0.518966,-0.324686,2.536592,0.470867,-0.692352,2.589792,0.560516,-0.738107,2.607642
0.239841,0.803975,2.205353,0.275670,0.723499,2.382748,0.157138,0.640323,2.257797,0.434606,0.640253,2.493191,0.286219,0.385954,2.406122,0.328250,0.321048,2.371596,0.303300,0.232435,2.308171,0.395115,0.225981,2.423537,0.135746,0.362156,2.079702,0.260546,0.174184,1.992891,0.309051,0.093578,1.992343,0.514649,0.342718,2.372428,0.587129,0.164132,2.478789,0.620551,0.098143,2.523754,0.266422,-0.329861,2.406703,0.283268,-0.680051,2.399555,0.329788,-0.745381,2.357132,0.520659,-0.337263,2.528691,0.516488,-0.694669,2.567700,0.596501,-0.733982,2.576294
0.253728,0.793481,2.198611,0.291930,0.750352,2.378474,0.166181,0.639310,2.254182,0.452856,0.643227,2.491322,0.301442,0.388383,2.402694,0.340662,0.323810,2.369607,0.311965,0.232085,2.307059,0.411049,0.228777,2.420929,0.141281,0.362677,2.078068,0.266548,0.175270,1.991423,0.315795,0.095219,1.991190,0.551565,0.361781,2.394504,0.582894,0.147257,2.425946,0.596334,0.072985,2.442470,0.268425,-0.331269,2.408392,0.288589,-0.677808,2.399376,0.333417,-0.743599,2.355232,0.523172,-0.346167,2.521693,0.569995,-0.698256,2.543667,0.685258,-0.738982,2.533636
0.267718,0.789014,2.193242,0.299620,0.765526,2.376061,0.175936,0.638370,2.250893,0.468527,0.645914,2.487401,0.317616,0.392097,2.394449,0.356049,0.327431,2.361002,0.321568,0.235117,2.297843,0.431131,0.233446,2.410070,0.145866,0.363284,2.077686,0.271162,0.176097,1.991168,0.321140,0.096593,1.992074,0.564775,0.363843,2.391312,0.577028,0.125798,2.355205,0.578861,0.046470,2.349460,0.280757,-0.333921,2.411532,0.292839,-0.676470,2.399109,0.336399,-0.742461,2.353494,0.528812,-0.352332,2.510805,0.629969,-0.711837,2.515707,0.743786,-0.735748,2.486599
0.279026,0.787206,2.188919,0.305963,0.773711,2.374204,0.184767,0.637516,2.248356,0.490282,0.643030,2.475015,0.329302,0.393753,2.389134,0.366747,0.328453,2.354991,0.328242,0.236371,2.291930,0.442200,0.235130,2.403548,0.150085,0.363879,2.078845,0.274685,0.176330,1.992722,0.324818,0.097037,1.994694,0.572655,0.363779,2.384831,0.575715,0.117631,2.328721,0.572763,0.035795,2.312751,0.291522,-0.335005,2.413040,0.296347,-0.675700,2.398917,0.338811,-0.741671,2.351915,0.535603,-0.354849,2.498531,0.666973,-0.704687,2.478759,0.753017,-0.726552,2.457602

