Head_X,Head_Y,Head_Z,Neck_X,Neck_Y,Neck_Z,SpineShoulder_X,SpineShoulder_Y,SpineShoulder_Z,SpineMid_X,SpineMid_Y,SpineMid_Z,ShoulderRight_X,ShoulderRight_Y,ShoulderRight_Z,ShoulderLeft_X,ShoulderLeft_Y,ShoulderLeft_Z,SpineBase_X,SpineBase_Y,SpineBase_Z,HipRight_X,HipRight_Y,HipRight_Z,HipLeft_X,HipLeft_Y,HipLeft_Z,ElbowRight_X,ElbowRight_Y,ElbowRight_Z,WristRight_X,WristRight_Y,WristRight_Z,HandRight_X,HandRight_Y,HandRight_Z,HandTipRight_X,HandTipRight_Y,HandTipRight_Z,ThumbRight_X,ThumbRight_Y,ThumbRight_Z,ElbowLeft_X,ElbowLeft_Y,ElbowLeft_Z,WristLeft_X,WristLeft_Y,WristLeft_Z,HandLeft_X,HandLeft_Y,HandLeft_Z,HandTipLeft_X,HandTipLeft_Y,HandTipLeft_Z,ThumbLeft_X,ThumbLeft_Y,ThumbLeft_Z,KneeRight_X,KneeRight_Y,KneeRight_Z,AnkleRight_X,AnkleRight_Y,AnkleRight_Z,FootRight_X,FootRight_Y,FootRight_Z,KneeLeft_X,KneeLeft_Y,KneeLeft_Z,AnkleLeft_X,AnkleLeft_Y,AnkleLeft_Z,FootLeft_X,FootLeft_Y,FootLeft_Z
0.202787,0.708118,2.560324,0.094564,0.607898,2.528181,0.096116,0.519364,2.533718,0.100127,0.247595,2.542352,0.215642,0.480126,2.649834,0.023416,0.458793,2.382430,0.104027,-0.124075,2.547137,0.144354,-0.123564,2.524974,0.057887,-0.120297,2.496379,0.240140,0.227567,2.683005,0.151538,-0.021748,2.552671,0.184736,-0.098779,2.553787,0.189640,-0.132312,2.558237,0.186049,-0.104420,2.556750,0.030361,0.171073,2.305281,0.090292,-0.034200,2.273158,0.077074,-0.095779,2.286547,0.103404,-0.160960,2.299389,0.029866,-0.095827,2.316308,0.184254,-0.522560,2.522081,0.178985,-0.799012,2.475578,0.252413,-0.835851,2.448117,-0.023209,-0.445694,2.363784,-0.272432,-0.730603,2.338325,-0.243281,-0.806130,2.311541
0.198920,0.709682,2.564672,0.090100,0.610268,2.532398,0.091872,0.522422,2.536943,0.095977,0.253237,2.542665,0.211189,0.482497,2.654056,0.018275,0.460859,2.387691,0.099075,-0.110611,2.539431,0.144976,-0.108123,2.518645,0.048149,-0.108212,2.484805,0.235720,0.229933,2.687228,0.144425,-0.023799,2.568664,0.180661,-0.116770,2.563997,0.183284,-0.139751,2.566988,0.182020,-0.122245,2.566964,0.018391,0.172724,2.312079,0.076314,-0.032771,2.276464,0.065758,-0.091441,2.293702,0.084531,-0.159843,2.308894,0.036248,-0.094250,2.255213,0.169797,-0.530529,2.523411,0.134212,-0.804724,2.476225,0.213073,-0.828325,2.461037,0.067818,-0.443159,2.353204,-0.201792,-0.709724,2.330175,-0.120935,-0.740017,2.235762
0.194608,0.711282,2.570139,0.085582,0.611912,2.536400,0.087057,0.526335,2.539335,0.087101,0.271775,2.536983,0.206683,0.484146,2.658062,0.012374,0.464682,2.396099,0.086726,-0.061767,2.510875,0.136130,-0.051632,2.500150,0.034675,-0.070056,2.446228,0.231246,0.231580,2.691235,0.151238,-0.018111,2.555845,0.171945,-0.068871,2.592704,0.174611,-0.092052,2.595686,0.173403,-0.074806,2.595647,0.007349,0.177271,2.317375,0.063549,-0.028695,2.281408,0.056281,-0.086757,2.302074,0.072974,-0.152841,2.310090,0.024592,-0.088356,2.263120,0.133071,-0.451683,2.485656,0.108187,-0.739018,2.487588,0.184113,-0.768523,2.391697,0.070513,-0.414284,2.367396,-0.173452,-0.704295,2.340850,-0.093390,-0.733695,2.245054
0.188898,0.714577,2.576374,0.081197,0.613649,2.542277,0.082886,0.530703,2.544866,0.085548,0.282346,2.542496,0.202306,0.485889,2.663943,0.007131,0.466493,2.400407,0.090795,-0.048473,2.523961,0.139549,-0.043996,2.516887,0.039801,-0.049408,2.456732,0.226903,0.233326,2.697114,0.146524,-0.017259,2.563761,0.200348,-0.055844,2.561018,0.202888,-0.079077,2.564009,0.201518,-0.061894,2.563980,-0.012478,0.179104,2.324475,0.054117,-0.030955,2.288545,0.051255,-0.084845,2.313804,0.068849,-0.150549,2.322451,0.014032,-0.090618,2.273666,0.033266,-0.373099,2.519678,0.072893,-0.748992,2.487766,0.149409,-0.778184,2.391863,0.101571,-0.390256,2.378207,-0.179248,-0.645582,2.354242,-0.179815,-0.757929,2.315258
0.172080,0.717334,2.583714,0.063179,0.618997,2.552542,0.064151,0.538151,2.551524,0.066327,0.291666,2.538935,0.184337,0.491245,2.674226,-0.011268,0.467020,2.407291,0.067934,-0.043086,2.507938,0.115283,-0.042785,2.499951,0.017096,-0.041516,2.440244,0.209061,0.238670,2.707398,0.122901,-0.013716,2.581832,0.105424,-0.093330,2.544779,0.108354,-0.116406,2.547750,0.109139,-0.099412,2.546953,-0.036939,0.180136,2.331383,0.038493,-0.046746,2.302409,0.042136,-0.089683,2.331711,0.052492,-0.139163,2.327856,-0.005888,-0.082549,2.281046,0.000387,-0.396433,2.554291,-0.001094,-0.768259,2.471097,0.060936,-0.822033,2.448301,0.095281,-0.426960,2.391664,-0.121742,-0.712732,2.369164,-0.073707,-0.779455,2.325627
0.158023,0.716740,2.589556,0.048430,0.619196,2.556301,0.031412,0.536985,2.562165,-0.012386,0.282753,2.570589,0.169631,0.491452,2.677994,-0.030017,0.465321,2.412365,-0.062229,-0.064840,2.568750,-0.018570,-0.077141,2.561899,-0.104101,-0.050626,2.500214,0.194457,0.238883,2.711161,0.109373,-0.013588,2.585032,0.091956,-0.093241,2.548033,0.094943,-0.116317,2.551002,0.094148,-0.098931,2.550947,-0.053486,0.178488,2.335496,0.030428,-0.052961,2.309881,0.019823,-0.089679,2.320508,0.036023,-0.132883,2.330707,-0.017969,-0.087049,2.293692,-0.021305,-0.424832,2.550925,-0.009034,-0.754086,2.430516,0.059939,-0.820890,2.460243,0.109257,-0.419412,2.395158,-0.078802,-0.733383,2.372900,-0.019318,-0.795410,2.335938
0.136838,0.715029,2.594553,0.026590,0.618325,2.558359,0.015730,0.535283,2.563770,-0.021174,0.279879,2.571482,0.147858,0.490589,2.680068,-0.042482,0.465047,2.413917,-0.071607,-0.070445,2.570652,-0.028198,-0.082768,2.561503,-0.113384,-0.056308,2.504581,0.172833,0.238027,2.713225,0.087806,-0.014364,2.586944,0.070447,-0.094043,2.549971,0.073524,-0.117116,2.552937,0.072845,-0.099725,2.552878,-0.068697,0.177977,2.339363,0.001823,-0.041259,2.317344,0.016478,-0.084416,2.341431,0.057008,-0.154797,2.352593,-0.029128,-0.108714,2.309097,-0.033326,-0.444618,2.546446,-0.046075,-0.763689,2.496105,0.022347,-0.829345,2.528669,0.111402,-0.419703,2.395305,-0.055992,-0.753159,2.387237,0.035461,-0.805664,2.322266
0.092167,0.720116,2.592342,-0.011185,0.616879,2.560364,-0.027303,0.533583,2.564534,-0.078200,0.276834,2.567183,0.110199,0.489156,2.682101,-0.080898,0.466122,2.414089,-0.143638,-0.074840,2.559676,-0.103296,-0.084877,2.548042,-0.179784,-0.062594,2.496032,0.135431,0.236604,2.715248,0.112433,-0.052538,2.707553,0.117561,-0.084867,2.712909,0.140256,-0.136385,2.708043,0.146398,-0.112950,2.711300,-0.104568,0.178328,2.342076,-0.033423,-0.036506,2.317733,-0.025907,-0.082907,2.341536,-0.009767,-0.142538,2.347235,-0.070894,-0.098780,2.306309,-0.099850,-0.458378,2.548202,-0.185736,-0.784055,2.468560,-0.112347,-0.829405,2.433594,0.121812,-0.398791,2.401476,0.070270,-0.766785,2.378744,0.148818,-0.812514,2.314453
0.074544,0.717681,2.591852,-0.028029,0.614271,2.560974,-0.042175,0.530825,2.564617,-0.086373,0.274380,2.566405,0.093407,0.486559,2.682723,-0.102280,0.463135,2.412440,-0.147831,-0.076985,2.558550,-0.107763,-0.088746,2.549550,-0.184963,-0.063561,2.491741,0.118754,0.234024,2.715860,0.102889,-0.055551,2.709172,0.096971,-0.092061,2.717797,0.120005,-0.147866,2.715259,0.131510,-0.122450,2.704875,-0.126207,0.175127,2.341771,-0.042528,-0.041103,2.318428,-0.051410,-0.081836,2.338843,-0.037108,-0.143736,2.339453,-0.092182,-0.091791,2.300205,-0.118842,-0.451648,2.546979,-0.218181,-0.775990,2.463770,-0.114574,-0.830739,2.453199,0.095109,-0.433693,2.407156,0.115425,-0.762445,2.376889,0.208008,-0.809082,2.324219
0.053073,0.713392,2.587487,-0.051161,0.612659,2.557298,-0.061971,0.531070,2.561063,-0.097391,0.278670,2.563249,0.070350,0.484948,2.679068,-0.121115,0.460634,2.410699,-0.151870,-0.067618,2.555259,-0.112142,-0.076431,2.548759,-0.188219,-0.056210,2.486336,0.095854,0.232413,2.712202,0.083148,-0.057177,2.710138,0.074054,-0.096748,2.717285,0.088554,-0.147249,2.709856,0.110037,-0.120317,2.693455,-0.141977,0.172485,2.339596,-0.072712,-0.038761,2.314530,-0.063239,-0.088668,2.336336,-0.031174,-0.158964,2.354161,-0.104811,-0.104947,2.295264,-0.128424,-0.449321,2.534490,-0.271929,-0.772199,2.456770,-0.176316,-0.823317,2.474304,0.090929,-0.437390,2.410178,0.137623,-0.773525,2.383724,0.252778,-0.794538,2.333105
0.033628,0.711565,2.586641,-0.071088,0.611244,2.553729,-0.088317,0.528175,2.556805,-0.143338,0.271303,2.556887,0.050487,0.483534,2.675518,-0.141028,0.458380,2.407526,-0.209724,-0.079651,2.548308,-0.167621,-0.091048,2.535650,-0.245670,-0.065898,2.485825,0.076127,0.230998,2.708650,0.062139,-0.058318,2.711325,0.047896,-0.099943,2.714278,0.066241,-0.150736,2.685990,0.084377,-0.136675,2.673000,-0.167205,0.170892,2.335467,-0.095748,-0.037707,2.308385,-0.087016,-0.085502,2.331295,-0.061376,-0.149986,2.344046,-0.128282,-0.102967,2.287234,-0.127955,-0.436564,2.499898,-0.297730,-0.772898,2.454441,-0.221430,-0.824527,2.496631,0.055558,-0.431483,2.419385,0.147419,-0.770124,2.389858,0.263331,-0.787284,2.337553
0.001468,0.715672,2.580562,-0.095617,0.607506,2.548115,-0.107427,0.525014,2.551298,-0.148664,0.270317,2.552742,0.026039,0.479801,2.669925,-0.165164,0.457298,2.402125,-0.210047,-0.079710,2.543065,-0.167436,-0.091195,2.533670,-0.246962,-0.065719,2.475682,0.051847,0.227275,2.703052,0.030638,-0.061588,2.705793,0.021142,-0.103732,2.708236,0.037543,-0.155781,2.685969,0.057469,-0.128860,2.685625,-0.188675,0.169825,2.328840,-0.130262,-0.036152,2.296721,-0.117422,-0.086691,2.322010,-0.095285,-0.155162,2.332251,-0.152973,-0.105540,2.281543,0.034608,-0.512139,2.420848,-0.280589,-0.720599,2.438090,-0.310128,-0.828001,2.410119,0.031950,-0.430983,2.388780,0.149128,-0.767806,2.393641,0.265812,-0.782090,2.342325
-0.042225,0.729271,2.578476,-0.118886,0.603714,2.543830,-0.130921,0.523132,2.547522,-0.166855,0.274460,2.550030,0.002846,0.476017,2.665661,-0.187018,0.453352,2.399260,-0.220081,-0.068127,2.542279,-0.179279,-0.075701,2.538797,-0.255664,-0.056950,2.470894,0.028814,0.223504,2.698783,-0.006633,-0.063859,2.702996,-0.007321,-0.105100,2.704915,0.006433,-0.159837,2.694197,0.024841,-0.132695,2.682222,-0.213818,0.166860,2.322904,-0.151069,-0.089213,2.303595,-0.139354,-0.124827,2.330024,-0.122174,-0.165633,2.354356,-0.205738,-0.139602,2.354429,0.006271,-0.505712,2.434758,-0.319790,-0.699066,2.430730,-0.342033,-0.806875,2.416041,0.019454,-0.435226,2.387410,0.135884,-0.767621,2.404262,0.232666,-0.791992,2.367188
-0.051916,0.712274,2.579251,-0.146338,0.600941,2.536492,-0.161688,0.518728,2.540423,-0.209576,0.264902,2.543315,-0.024515,0.473244,2.658353,-0.208423,0.450559,2.394417,-0.271198,-0.082733,2.538311,-0.227404,-0.092402,2.530082,-0.306940,-0.070587,2.471585,0.001643,0.220731,2.691476,-0.048520,-0.064887,2.676702,-0.038258,-0.109108,2.694634,-0.027439,-0.166558,2.678933,-0.015188,-0.126921,2.663167,-0.239606,0.165352,2.314496,-0.161523,-0.089846,2.301338,-0.165922,-0.121745,2.318478,-0.152761,-0.166601,2.338130,-0.209963,-0.132548,2.281103,-0.014405,-0.511113,2.435192,-0.348899,-0.689605,2.428368,-0.391692,-0.792489,2.397274,-0.015572,-0.439843,2.381386,0.067998,-0.783280,2.423659,0.183594,-0.805176,2.378906
-0.092982,0.719182,2.563534,-0.178720,0.601418,2.528115,-0.193019,0.518101,2.532992,-0.235580,0.262132,2.538431,-0.056791,0.473715,2.650018,-0.235577,0.451377,2.383587,-0.294811,-0.088038,2.535097,-0.251887,-0.097909,2.525995,-0.329137,-0.075575,2.469266,-0.030408,0.221181,2.683155,-0.067366,-0.064066,2.671843,-0.071296,-0.110039,2.683722,-0.060101,-0.160052,2.671932,-0.050797,-0.142988,2.673286,-0.266496,0.165034,2.308680,-0.211964,-0.094107,2.286939,-0.195572,-0.128436,2.309910,-0.175531,-0.171623,2.337892,-0.234594,-0.144223,2.272895,-0.062074,-0.506555,2.436643,-0.395454,-0.686731,2.419352,-0.459290,-0.777557,2.393686,-0.027163,-0.438798,2.376108,0.062290,-0.782685,2.420086,0.136740,-0.821906,2.386917
-0.105126,0.712545,2.565237,-0.203627,0.606500,2.522455,-0.202722,0.520383,2.526260,-0.215395,0.259858,2.513027,-0.081620,0.478783,2.644401,-0.262714,0.455484,2.376566,-0.206004,-0.101643,2.480213,-0.150252,-0.108378,2.464932,-0.255547,-0.091825,2.420364,-0.055064,0.226204,2.677560,-0.097796,-0.058147,2.664836,-0.107525,-0.109096,2.679688,-0.099965,-0.145304,2.668263,-0.098461,-0.125097,2.669143,-0.289533,0.169111,2.299676,-0.230094,-0.094605,2.280275,-0.226003,-0.127723,2.303959,-0.208101,-0.173826,2.328968,-0.267047,-0.138344,2.259568,0.112644,-0.496038,2.360022,-0.247396,-0.613867,2.382116,-0.163267,-0.644737,2.288768,-0.067184,-0.436632,2.367460,-0.054686,-0.772908,2.419796,0.060472,-0.806720,2.382381
-0.138565,0.713750,2.559530,-0.242917,0.615081,2.513292,-0.239925,0.528737,2.511991,-0.225584,0.262296,2.503626,-0.120789,0.487340,2.635306,-0.288593,0.462435,2.368938,-0.212160,-0.100501,2.473798,-0.156525,-0.108149,2.459767,-0.261465,-0.089670,2.412457,-0.093959,0.234689,2.668507,-0.133071,-0.050497,2.656572,-0.141691,-0.100405,2.633565,-0.140994,-0.103486,2.620763,-0.138216,-0.099524,2.608119,-0.314136,0.175965,2.291775,-0.258103,-0.091660,2.275698,-0.274060,-0.121476,2.271656,-0.261768,-0.166382,2.292669,-0.307883,-0.122664,2.248800,0.096006,-0.502680,2.354323,-0.268516,-0.606144,2.375727,-0.182102,-0.636129,2.284249,-0.139946,-0.411123,2.432443,-0.106456,-0.779730,2.495558,-0.010050,-0.814185,2.396604
-0.193931,0.734694,2.541418,-0.287909,0.625089,2.497363,-0.287180,0.541731,2.496868,-0.285666,0.287952,2.486484,-0.165637,0.497313,2.619464,-0.335898,0.470652,2.353267,-0.275067,-0.061592,2.465313,-0.224704,-0.075797,2.465857,-0.317119,-0.045498,2.389808,-0.138491,0.244565,2.652722,-0.178723,-0.040386,2.640501,-0.172240,-0.100591,2.667137,-0.171430,-0.103676,2.654341,-0.168505,-0.099721,2.641706,-0.345638,0.182377,2.279254,-0.295288,-0.089993,2.265426,-0.303708,-0.117573,2.278792,-0.301099,-0.167548,2.305902,-0.344277,-0.122090,2.234313,0.019256,-0.474838,2.349172,-0.351678,-0.548825,2.375727,-0.264399,-0.580365,2.283909,-0.226929,-0.434428,2.413266,-0.209772,-0.790477,2.480244,-0.112307,-0.822613,2.379122
-0.212731,0.736905,2.539431,-0.307330,0.628219,2.494287,-0.307554,0.545837,2.494042,-0.306537,0.293209,2.484527,-0.185001,0.500438,2.616421,-0.359711,0.474549,2.345693,-0.307500,-0.051742,2.462403,-0.260284,-0.059120,2.459556,-0.346509,-0.041645,2.389874,-0.157720,0.247666,2.649700,-0.198058,-0.037274,2.637441,-0.192549,-0.097631,2.663958,-0.191657,-0.100728,2.651167,-0.188627,-0.096787,2.638538,-0.364566,0.186615,2.269182,-0.313565,-0.090033,2.259325,-0.306387,-0.123909,2.292035,-0.291351,-0.168015,2.328173,-0.343368,-0.138524,2.248641,-0.003766,-0.448441,2.330609,-0.374378,-0.522854,2.358639,-0.286909,-0.555255,2.266717,-0.265812,-0.379162,2.407505,-0.252118,-0.757275,2.405292,-0.178345,-0.823242,2.376953
-0.234350,0.740633,2.535058,-0.328124,0.631407,2.489214,-0.327645,0.548428,2.490599,-0.325858,0.293749,2.485363,-0.205733,0.503619,2.611385,-0.384253,0.475730,2.337803,-0.323528,-0.054446,2.468215,-0.272585,-0.057966,2.467456,-0.366702,-0.049868,2.393849,-0.178306,0.250818,2.644689,-0.218497,-0.034152,2.632443,-0.212714,-0.094488,2.658953,-0.211742,-0.097597,2.646167,-0.208606,-0.093672,2.633546,-0.377642,0.187272,2.263423,-0.321208,-0.088732,2.257827,-0.320241,-0.123607,2.283803,-0.313764,-0.172454,2.325502,-0.345954,-0.134663,2.234778,0.008774,-0.434834,2.361251,-0.353411,-0.535832,2.403192,-0.266574,-0.568296,2.310782,-0.319109,-0.445158,2.395435,-0.306443,-0.772920,2.398034,-0.239097,-0.823237,2.387485
-0.258489,0.734151,2.534317,-0.358113,0.631972,2.482488,-0.357732,0.550353,2.485934,-0.355973,0.299417,2.487048,-0.235631,0.504184,2.604707,-0.405505,0.478027,2.331753,-0.354218,-0.043613,2.479304,-0.306413,-0.047097,2.483132,-0.391363,-0.039338,2.401001,-0.207994,0.251369,2.638037,-0.248063,-0.033609,2.625791,-0.242366,-0.093967,2.652273,-0.241275,-0.097078,2.639497,-0.237983,-0.093155,2.626889,-0.394812,0.189950,2.255897,-0.328254,-0.085409,2.256138,-0.331386,-0.116817,2.265820,-0.315797,-0.165725,2.324179,-0.350994,-0.152759,2.275400,-0.018215,-0.419207,2.376223,-0.359407,-0.576833,2.415416,-0.271486,-0.609436,2.325158,-0.373375,-0.454825,2.399163,-0.361210,-0.768501,2.382303,-0.286377,-0.820801,2.363281
-0.276917,0.731109,2.533314,-0.379342,0.633067,2.477316,-0.380821,0.551329,2.480743,-0.384024,0.299851,2.482135,-0.256797,0.505278,2.599571,-0.428172,0.481738,2.325544,-0.386524,-0.044665,2.474742,-0.337864,-0.045743,2.481904,-0.424135,-0.042446,2.392892,-0.229010,0.252448,2.632923,-0.268972,-0.032540,2.620685,-0.263229,-0.092893,2.647172,-0.262054,-0.096007,2.634405,-0.258653,-0.092089,2.621807,-0.409624,0.193742,2.250732,-0.345763,-0.026376,2.236971,-0.348596,-0.081720,2.251234,-0.321762,-0.140740,2.273086,-0.401257,-0.093748,2.282778,-0.330343,-0.395566,2.489401,-0.554917,-0.699123,2.471589,-0.518165,-0.809313,2.433868,-0.396294,-0.481421,2.383734,-0.417654,-0.785763,2.386026,-0.337158,-0.833008,2.373047
-0.310715,0.742161,2.525235,-0.406359,0.636430,2.472341,-0.406281,0.549953,2.480363,-0.413273,0.281142,2.497594,-0.283737,0.508637,2.594644,-0.456406,0.485728,2.317281,-0.417863,-0.093215,2.516758,-0.374580,-0.095722,2.511603,-0.448832,-0.087952,2.447548,-0.255761,0.255781,2.628031,-0.295601,-0.029225,2.615805,-0.289869,-0.089581,2.642290,-0.288588,-0.092709,2.629534,-0.285047,-0.088807,2.616950,-0.430245,0.197864,2.244174,-0.349771,-0.021919,2.236290,-0.351737,-0.073951,2.255191,-0.319892,-0.129659,2.275728,-0.401404,-0.095324,2.282842,-0.320279,-0.434049,2.531188,-0.565985,-0.712742,2.450191,-0.475868,-0.746179,2.361969,-0.422896,-0.471129,2.377480,-0.476392,-0.783334,2.364372,-0.367358,-0.829506,2.346786
-0.327986,0.736530,2.522856,-0.429253,0.638297,2.465699,-0.430018,0.552783,2.474241,-0.429822,0.287794,2.492618,-0.306563,0.510500,2.588045,-0.478354,0.486929,2.308817,-0.433575,-0.073741,2.506961,-0.391407,-0.079125,2.503447,-0.462992,-0.065774,2.435956,-0.278426,0.257622,2.621461,-0.318158,-0.027399,2.609246,-0.312418,-0.087756,2.635733,-0.311045,-0.090890,2.622987,-0.307385,-0.086997,2.610416,-0.453961,0.201219,2.234992,-0.357231,-0.017872,2.236555,-0.353598,-0.064496,2.258746,-0.319679,-0.117060,2.275641,-0.405448,-0.076584,2.290500,-0.340284,-0.416790,2.530233,-0.472028,-0.736522,2.440875,-0.397239,-0.812704,2.462238,-0.477506,-0.481990,2.371340,-0.510236,-0.785742,2.362671,-0.425293,-0.825195,2.333984
-0.354164,0.744157,2.513876,-0.449906,0.639495,2.461144,-0.449011,0.553126,2.471193,-0.445601,0.287044,2.492393,-0.327157,0.511699,2.583527,-0.503012,0.485220,2.305951,-0.441332,-0.075781,2.509366,-0.399708,-0.080707,2.507122,-0.470176,-0.068372,2.437368,-0.298875,0.258808,2.616969,-0.338511,-0.026221,2.604763,-0.332771,-0.086579,2.631250,-0.331316,-0.089717,2.618514,-0.327549,-0.085830,2.605956,-0.465230,0.207209,2.232039,-0.362386,-0.014864,2.237358,-0.348928,-0.058653,2.258582,-0.316829,-0.108806,2.286291,-0.409828,-0.047497,2.297600,-0.381216,-0.459848,2.528167,-0.459469,-0.787236,2.503312,-0.374483,-0.841272,2.515710,-0.511867,-0.472940,2.362967,-0.567300,-0.781338,2.348472,-0.478516,-0.820801,2.320313
-0.382089,0.733827,2.511091,-0.482660,0.636214,2.453520,-0.483559,0.551430,2.462724,-0.484657,0.290909,2.480990,-0.359815,0.508429,2.575953,-0.532670,0.484871,2.300196,-0.485170,-0.065059,2.494239,-0.443306,-0.070540,2.499132,-0.513386,-0.057308,2.415333,-0.331301,0.255552,2.609425,-0.370783,-0.029468,2.597229,-0.365039,-0.089826,2.623717,-0.363454,-0.092951,2.610998,-0.359516,-0.089047,2.598464,-0.483755,0.206348,2.229269,-0.372579,-0.008355,2.241696,-0.350345,-0.048306,2.265164,-0.315444,-0.098550,2.295510,-0.378618,-0.077075,2.255917,-0.380682,-0.469010,2.539870,-0.366352,-0.802510,2.532782,-0.290056,-0.845207,2.516611,-0.583456,-0.457148,2.333822,-0.637660,-0.771024,2.331301,-0.549805,-0.830078,2.306641
-0.393706,0.734142,2.506613,-0.492038,0.633793,2.452270,-0.495224,0.547415,2.461343,-0.504859,0.280037,2.479461,-0.369167,0.506017,2.574715,-0.541082,0.483787,2.298761,-0.519709,-0.090405,2.493832,-0.473496,-0.095882,2.496734,-0.550754,-0.082099,2.417264,-0.340586,0.253155,2.608191,-0.380024,-0.031853,2.595996,-0.374279,-0.092212,2.622484,-0.372657,-0.095327,2.609771,-0.368672,-0.091410,2.597244,-0.490264,0.198013,2.230437,-0.375515,-0.005787,2.243748,-0.351064,-0.048726,2.269158,-0.314835,-0.095684,2.299454,-0.374949,-0.080272,2.257929,-0.387389,-0.455209,2.538822,-0.332618,-0.791769,2.534517,-0.222124,-0.831172,2.538268,-0.597110,-0.455048,2.330673,-0.673382,-0.764015,2.316896,-0.585309,-0.822627,2.289107
-0.400515,0.730611,2.506620,-0.498677,0.630296,2.452406,-0.501859,0.544531,2.461079,-0.510485,0.279559,2.478205,-0.375788,0.502532,2.574854,-0.547377,0.481972,2.298718,-0.523888,-0.086324,2.491052,-0.478457,-0.092395,2.492807,-0.554140,-0.077542,2.415429,-0.347161,0.249696,2.608329,-0.386568,-0.035296,2.596132,-0.380822,-0.095653,2.622620,-0.379175,-0.098755,2.609910,-0.375156,-0.094821,2.597389,-0.493973,0.196450,2.231477,-0.378737,-0.003472,2.247230,-0.353351,-0.050419,2.276414,-0.319114,-0.101369,2.309421,-0.378847,-0.076264,2.252444,-0.396783,-0.483851,2.536517,-0.292195,-0.800261,2.545621,-0.167334,-0.786686,2.535722,-0.620117,-0.453931,2.324661,-0.712220,-0.766306,2.300664,-0.608196,-0.824055,2.283714
-0.407190,0.727902,2.505952,-0.504522,0.626759,2.453204,-0.508234,0.540509,2.461402,-0.517937,0.274657,2.476846,-0.381618,0.499008,2.575654,-0.553382,0.478470,2.298691,-0.530110,-0.090365,2.487622,-0.484537,-0.098122,2.490051,-0.560380,-0.080049,2.411330,-0.352951,0.246198,2.609125,-0.392330,-0.038775,2.596925,-0.386584,-0.099132,2.623413,-0.384915,-0.102221,2.610707,-0.380868,-0.098268,2.598191,-0.498228,0.193000,2.232978,-0.382034,-0.003366,2.249238,-0.358251,-0.053153,2.277656,-0.320508,-0.103546,2.311057,-0.379585,-0.082843,2.255359,-0.395914,-0.509766,2.540172,-0.262335,-0.799341,2.543411,-0.276417,-0.875725,2.488704,-0.632173,-0.432446,2.320009,-0.734163,-0.759834,2.289818,-0.645502,-0.824638,2.269281
-0.413569,0.728094,2.507246,-0.507819,0.623449,2.454859,-0.511604,0.537101,2.462626,-0.521430,0.271175,2.476838,-0.384907,0.495710,2.577306,-0.556836,0.476427,2.299227,-0.533439,-0.093591,2.485949,-0.487984,-0.101904,2.486864,-0.563465,-0.082744,2.410936,-0.356218,0.242927,2.610772,-0.395583,-0.042029,2.598569,-0.389836,-0.102385,2.625056,-0.388156,-0.105460,2.612352,-0.384093,-0.101492,2.599838,-0.501201,0.190567,2.236308,-0.385968,-0.004244,2.252106,-0.362241,-0.061256,2.281245,-0.329316,-0.111011,2.317974,-0.384339,-0.095349,2.263000,-0.396068,-0.511160,2.539753,-0.274319,-0.798701,2.536956,-0.188238,-0.831360,2.448633,-0.636913,-0.429453,2.318670,-0.758181,-0.751371,2.280771,-0.674376,-0.818941,2.309053
-0.418472,0.726976,2.517563,-0.510431,0.620081,2.460690,-0.513540,0.533863,2.466551,-0.521927,0.268205,2.477614,-0.387520,0.492361,2.583130,-0.558974,0.472303,2.307835,-0.530075,-0.098087,2.481181,-0.484517,-0.108182,2.482220,-0.560012,-0.085285,2.405994,-0.358818,0.239615,2.616585,-0.586608,0.063209,2.615415,-0.580853,0.002854,2.641933,-0.578454,-0.000640,2.629354,-0.573454,0.002782,2.617002,-0.504151,0.186940,2.241541,-0.391598,-0.029730,2.263935,-0.374702,-0.077142,2.283492,-0.344458,-0.133530,2.324997,-0.398644,-0.103931,2.256444,-0.402712,-0.473709,2.529619,-0.320842,-0.779998,2.507561,-0.207006,-0.810789,2.512659,-0.665252,-0.468352,2.313263,-0.768768,-0.753227,2.274299,-0.675845,-0.828109,2.276313
-0.417229,0.725929,2.520142,-0.508974,0.618731,2.464727,-0.511287,0.531794,2.472004,-0.516267,0.263757,2.486657,-0.386072,0.491020,2.587157,-0.556710,0.471182,2.313596,-0.518423,-0.105267,2.497097,-0.479132,-0.111593,2.482894,-0.539379,-0.097560,2.454256,-0.357384,0.238292,2.620604,-0.585863,0.062638,2.616867,-0.580108,0.002284,2.643385,-0.577714,-0.001208,2.630805,-0.573327,0.002684,2.617251,-0.506150,0.184895,2.248455,-0.401209,-0.028618,2.264053,-0.390214,-0.079984,2.286690,-0.346227,-0.138030,2.320994,-0.453128,-0.069452,2.316941,-0.398234,-0.486726,2.527754,-0.325275,-0.784205,2.505426,-0.207319,-0.816698,2.494279,-0.660856,-0.466848,2.312865,-0.816638,-0.762129,2.251700,-0.709101,-0.814582,2.264890
-0.407600,0.722177,2.529395,-0.503330,0.619339,2.474954,-0.504082,0.531514,2.483636,-0.503755,0.260578,2.501503,-0.380457,0.491641,2.597366,-0.547158,0.469903,2.321830,-0.499418,-0.111786,2.515324,-0.461028,-0.117667,2.489623,-0.527558,-0.101367,2.467903,-0.351819,0.238933,2.630800,-0.442595,-0.008908,2.500578,-0.436841,-0.069286,2.527075,-0.434912,-0.072485,2.514408,-0.430525,-0.068675,2.501940,-0.505637,0.187808,2.254834,-0.405793,-0.025753,2.262808,-0.401790,-0.083187,2.285358,-0.360722,-0.136902,2.303876,-0.453939,-0.106349,2.306080,-0.395489,-0.491086,2.528460,-0.334476,-0.788125,2.501868,-0.246591,-0.819776,2.413813,-0.581861,-0.423969,2.313484,-0.779788,-0.740540,2.247977,-0.704064,-0.826945,2.256223
-0.394499,0.725874,2.536237,-0.488953,0.621313,2.489460,-0.488613,0.531866,2.498902,-0.485365,0.256238,2.518514,-0.366139,0.493627,2.611838,-0.531789,0.469235,2.334365,-0.478190,-0.122129,2.534709,-0.437021,-0.123921,2.504297,-0.504294,-0.118325,2.493981,-0.444894,0.262885,2.753489,-0.498931,0.022487,2.590549,-0.493178,-0.037873,2.617054,-0.491092,-0.041206,2.604413,-0.486499,-0.037573,2.591979,-0.496123,0.181541,2.265937,-0.405987,-0.025696,2.263086,-0.404012,-0.083767,2.283532,-0.370505,-0.142148,2.307594,-0.452103,-0.104601,2.291957,-0.386731,-0.510408,2.529397,-0.347675,-0.793757,2.500636,-0.288554,-0.856335,2.466582,-0.554702,-0.433368,2.318992,-0.807776,-0.703464,2.234571,-0.733173,-0.784097,2.257071
-0.372503,0.729590,2.548873,-0.468477,0.626232,2.502056,-0.466303,0.539479,2.513344,-0.456790,0.274903,2.539515,-0.345734,0.498544,2.624399,-0.513331,0.472509,2.348908,-0.443790,-0.084717,2.564243,-0.400865,-0.086173,2.543916,-0.474347,-0.081394,2.510034,-0.426171,0.267498,2.764855,-0.457528,0.023933,2.600332,-0.402460,-0.005898,2.621915,-0.400727,-0.009357,2.609212,-0.396596,-0.005890,2.596697,-0.484660,0.184859,2.276714,-0.405376,-0.025016,2.264879,-0.405882,-0.077950,2.292091,-0.370501,-0.140778,2.310056,-0.460084,-0.090604,2.307039,-0.377788,-0.527022,2.533303,-0.347744,-0.803363,2.499654,-0.282409,-0.860803,2.468064,-0.496336,-0.430557,2.340156,-0.805346,-0.631391,2.271818,-0.737506,-0.727641,2.270786
-0.331501,0.735455,2.567470,-0.423644,0.627127,2.524207,-0.423416,0.542507,2.523661,-0.419539,0.283379,2.513210,-0.301046,0.499452,2.646467,-0.468870,0.478543,2.373572,-0.410956,-0.070098,2.481888,-0.354847,-0.080066,2.467647,-0.453940,-0.057876,2.421527,-0.381624,0.268407,2.786943,-0.389890,0.030533,2.610896,-0.334823,0.000702,2.632465,-0.333360,-0.002784,2.619725,-0.329582,0.000649,2.607161,-0.452634,0.190829,2.297705,-0.391552,-0.025225,2.274856,-0.375588,-0.070973,2.288758,-0.351508,-0.132173,2.301676,-0.403596,-0.090770,2.262518,-0.335507,-0.531883,2.488925,-0.347468,-0.326015,2.286727,-0.356778,-0.433739,2.299818,-0.414609,-0.404579,2.363234,-0.642858,-0.703444,2.316817,-0.549826,-0.732877,2.227572
-0.291932,0.730829,2.583783,-0.391768,0.630116,2.534780,-0.396411,0.546266,2.533121,-0.406359,0.287774,2.519257,-0.269267,0.502437,2.656991,-0.440416,0.482112,2.382545,-0.408199,-0.065560,2.488861,-0.354744,-0.074044,2.472957,-0.448166,-0.054858,2.431401,-0.350013,0.271383,2.797482,-0.330440,0.030206,2.626978,-0.386359,-0.039818,2.624452,-0.384691,-0.043142,2.611741,-0.380644,-0.039498,2.599215,-0.438711,0.194393,2.305203,-0.367546,-0.034143,2.285883,-0.355382,-0.079124,2.311745,-0.329291,-0.138329,2.327634,-0.380348,-0.100536,2.273717,-0.401509,-0.391327,2.560439,-0.373840,-0.766094,2.501502,-0.285577,-0.796359,2.411504,-0.307218,-0.379724,2.381997,-0.547017,-0.669831,2.333257,-0.455871,-0.700857,2.243586
-0.269802,0.734775,2.587844,-0.368821,0.632635,2.541886,-0.365645,0.548856,2.539805,-0.352181,0.290724,2.522206,-0.246392,0.504952,2.664065,-0.417564,0.482167,2.388453,-0.344111,-0.063915,2.486500,-0.294190,-0.074874,2.477563,-0.383726,-0.051029,2.420730,-0.327327,0.273951,2.804493,-0.300624,0.033002,2.634749,-0.356543,-0.037021,2.632230,-0.354996,-0.040356,2.619501,-0.351107,-0.036728,2.606953,-0.421517,0.194646,2.310874,-0.348612,-0.041125,2.290855,-0.335616,-0.080210,2.316718,-0.319791,-0.130977,2.321143,-0.366511,-0.087402,2.271667,-0.400690,-0.381420,2.553354,-0.376084,-0.757187,2.501035,-0.314979,-0.819147,2.462298,-0.286771,-0.387608,2.389803,-0.530965,-0.675844,2.363425,-0.511992,-0.789065,2.337992
-0.252193,0.736423,2.589822,-0.350451,0.633028,2.545057,-0.350313,0.549095,2.542704,-0.345868,0.290861,2.524978,-0.228074,0.505341,2.667209,-0.401170,0.483187,2.393502,-0.338614,-0.063408,2.491493,-0.289286,-0.073904,2.479041,-0.377224,-0.051245,2.431485,-0.309107,0.274411,2.807586,-0.282586,0.032841,2.638911,-0.338506,-0.037181,2.636395,-0.337031,-0.040516,2.623657,-0.333237,-0.036886,2.611096,-0.413066,0.196322,2.314678,-0.335847,-0.040639,2.295340,-0.320443,-0.078723,2.316966,-0.312870,-0.130081,2.321949,-0.354899,-0.085822,2.277907,-0.388500,-0.385403,2.548751,-0.367539,-0.760605,2.489742,-0.305960,-0.821662,2.463154,-0.253096,-0.418506,2.407406,-0.470483,-0.696187,2.378431,-0.377352,-0.759678,2.393732
-0.221160,0.729014,2.591854,-0.322857,0.630175,2.554450,-0.323322,0.542325,2.552424,-0.322393,0.271617,2.537527,-0.200565,0.502499,2.676554,-0.376455,0.479619,2.400738,-0.320077,-0.102056,2.508711,-0.267280,-0.105425,2.482766,-0.364240,-0.095403,2.460741,-0.281794,0.271640,2.816890,-0.244149,0.023446,2.661154,-0.214998,-0.023080,2.720830,-0.206915,-0.047629,2.689751,-0.213083,-0.014776,2.706167,-0.395105,0.193161,2.322226,-0.324526,-0.039200,2.300634,-0.302548,-0.078519,2.322499,-0.290189,-0.132442,2.327832,-0.342143,-0.094182,2.286829,-0.363985,-0.495099,2.547646,-0.431579,-0.790856,2.468146,-0.374532,-0.855520,2.439776,-0.168594,-0.390608,2.411927,-0.335251,-0.730024,2.407757,-0.239614,-0.803198,2.364148
-0.215981,0.729833,2.592586,-0.316042,0.628736,2.554688,-0.313462,0.540935,2.552472,-0.301252,0.271542,2.536409,-0.193768,0.501062,2.676780,-0.371693,0.478915,2.402758,-0.275865,-0.095600,2.503866,-0.223534,-0.104046,2.483247,-0.317861,-0.083655,2.448985,-0.275030,0.270258,2.817079,-0.239136,0.022572,2.660189,-0.214810,-0.024603,2.722383,-0.206915,-0.047629,2.689751,-0.211782,-0.019412,2.707029,-0.389666,0.192346,2.324815,-0.321840,-0.038944,2.302320,-0.315667,-0.077491,2.306410,-0.299734,-0.130676,2.311657,-0.348509,-0.083734,2.279000,-0.369456,-0.440860,2.557583,-0.426553,-0.806866,2.470355,-0.304298,-0.800042,2.393302,-0.144276,-0.389731,2.418567,-0.232626,-0.757363,2.389820,-0.155029,-0.811035,2.343750
-0.211808,0.726573,2.590737,-0.313113,0.627221,2.554276,-0.310758,0.540680,2.552015,-0.297870,0.278956,2.536704,-0.190846,0.499548,2.676364,-0.370081,0.478642,2.403436,-0.266858,-0.085337,2.495800,-0.213594,-0.087325,2.479340,-0.314893,-0.077654,2.439399,-0.272129,0.268753,2.816658,-0.195751,-0.006429,2.754426,-0.184806,-0.061907,2.740626,-0.146532,-0.117492,2.729838,-0.194992,-0.091535,2.740353,-0.388015,0.191594,2.327690,-0.325421,-0.037328,2.303991,-0.330392,-0.079974,2.307450,-0.307296,-0.137897,2.318150,-0.363948,-0.083535,2.279176,-0.437104,-0.485329,2.541709,-0.482998,-0.784982,2.470360,-0.422797,-0.847843,2.444364,-0.066535,-0.380568,2.385296,-0.116290,-0.754693,2.399418,-0.010950,-0.811387,2.361440
-0.212440,0.724941,2.586844,-0.312980,0.624661,2.550339,-0.310717,0.537229,2.547978,-0.300531,0.268294,2.530956,-0.190707,0.496987,2.672426,-0.370543,0.475898,2.401300,-0.286027,-0.108870,2.495541,-0.233900,-0.105025,2.472332,-0.331621,-0.112428,2.445386,-0.271990,0.266200,2.812716,-0.202647,-0.005529,2.727465,-0.189415,-0.076826,2.732563,-0.161026,-0.131003,2.718253,-0.204937,-0.097026,2.735737,-0.391826,0.189197,2.325189,-0.334389,-0.039690,2.299285,-0.324806,-0.083231,2.321501,-0.318511,-0.149672,2.331305,-0.372858,-0.087794,2.271360,-0.448712,-0.491317,2.539466,-0.494633,-0.782605,2.462952,-0.427434,-0.838428,2.445192,-0.262613,-0.533316,2.481257,-0.042551,-0.773479,2.402194,0.039816,-0.801067,2.308952
-0.224360,0.719652,2.575335,-0.324362,0.619206,2.539587,-0.321485,0.531406,2.537789,-0.311287,0.261429,2.522736,-0.202043,0.491531,2.661688,-0.379536,0.471154,2.392895,-0.296116,-0.111323,2.492141,-0.246811,-0.107808,2.469418,-0.338396,-0.113083,2.440855,-0.283239,0.260757,2.801973,-0.244650,0.061003,2.710768,-0.224335,-0.045978,2.718102,-0.188852,-0.089131,2.717207,-0.250134,-0.065561,2.694357,-0.408532,0.185121,2.317232,-0.358221,-0.038455,2.292088,-0.350649,-0.086747,2.313622,-0.345129,-0.157077,2.320746,-0.399465,-0.089969,2.263193,-0.440466,-0.515696,2.511718,-0.581385,-0.776501,2.440431,-0.569041,-0.856257,2.418254,-0.161491,-0.472277,2.411902,-0.059518,-0.732270,2.391756,0.049622,-0.779613,2.371887
-0.248194,0.712626,2.559254,-0.348744,0.612853,2.519799,-0.345275,0.524374,2.519819,-0.333811,0.252398,2.510205,-0.226329,0.485170,2.641939,-0.400982,0.461177,2.375558,-0.317937,-0.120913,2.486073,-0.267189,-0.112672,2.461766,-0.361373,-0.127126,2.436136,-0.307339,0.254395,2.782225,-0.268599,0.031628,2.694365,-0.247441,-0.074716,2.703572,-0.226493,-0.125482,2.698397,-0.266480,-0.057885,2.656900,-0.431999,0.175138,2.301206,-0.387579,-0.041629,2.276050,-0.378632,-0.094418,2.300192,-0.374871,-0.167225,2.303651,-0.426368,-0.094627,2.245635,-0.462597,-0.406110,2.520269,-0.613501,-0.745305,2.438183,-0.575195,-0.840820,2.408203,-0.119751,-0.383252,2.389044,-0.111104,-0.759315,2.416514,0.001301,-0.803300,2.386908
-0.262702,0.715712,2.548208,-0.361134,0.614034,2.511251,-0.357966,0.525030,2.510952,-0.346980,0.251440,2.500833,-0.238676,0.486339,2.633417,-0.410200,0.461021,2.366785,-0.330508,-0.123552,2.477114,-0.281680,-0.116755,2.450045,-0.370134,-0.127656,2.429788,-0.319590,0.255537,2.773715,-0.277303,0.029903,2.688942,-0.266557,-0.084014,2.693932,-0.254161,-0.124345,2.687593,-0.276638,-0.071232,2.646923,-0.442527,0.175121,2.292483,-0.403010,-0.040360,2.266605,-0.395109,-0.096298,2.289822,-0.393787,-0.166084,2.294560,-0.439627,-0.098838,2.239216,-0.241073,-0.513028,2.424678,-0.541744,-0.741309,2.423285,-0.532884,-0.843595,2.439908,-0.123949,-0.379757,2.386378,-0.127344,-0.756364,2.409619,-0.027077,-0.818587,2.391380
-0.301374,0.730118,2.529094,-0.398896,0.627206,2.487422,-0.395094,0.537344,2.488240,-0.382479,0.261172,2.481440,-0.276311,0.499457,2.609683,-0.445173,0.473594,2.344232,-0.364741,-0.117330,2.462018,-0.312969,-0.107900,2.438672,-0.405667,-0.123592,2.410634,-0.356924,0.268545,2.750019,-0.314650,0.040104,2.665847,-0.309178,-0.045102,2.638790,-0.300412,-0.076303,2.619966,-0.309689,-0.041532,2.606143,-0.470853,0.186745,2.270717,-0.434035,-0.033123,2.244515,-0.423655,-0.088790,2.270615,-0.419878,-0.157933,2.280312,-0.472541,-0.097501,2.220628,-0.313098,-0.475252,2.403162,-0.538864,-0.753456,2.505732,-0.477269,-0.816417,2.387323,-0.307143,-0.453043,2.428631,-0.253037,-0.764517,2.404849,-0.142109,-0.812226,2.389782
-0.321219,0.733607,2.519028,-0.421291,0.633972,2.475274,-0.420677,0.548400,2.475096,-0.419736,0.289520,2.464989,-0.298633,0.506198,2.597591,-0.465012,0.478949,2.332051,-0.408751,-0.068028,2.445914,-0.357520,-0.074054,2.435286,-0.447581,-0.059930,2.382158,-0.379074,0.275213,2.737962,-0.336721,0.046499,2.653883,-0.330137,-0.038872,2.627589,-0.321284,-0.070098,2.608776,-0.330446,-0.035358,2.594966,-0.484786,0.191429,2.259027,-0.442074,-0.085588,2.249480,-0.442397,-0.111197,2.248101,-0.424285,-0.155428,2.289032,-0.466905,-0.122732,2.222106,-0.367602,-0.496363,2.406849,-0.593013,-0.774414,2.509422,-0.476611,-0.798215,2.425715,-0.152368,-0.254868,2.306769,-0.231258,-0.619221,2.361443,-0.144827,-0.649978,2.270134
-0.349847,0.744572,2.507058,-0.443930,0.638612,2.466434,-0.444257,0.551590,2.467496,-0.444041,0.285305,2.461618,-0.321204,0.510823,2.588800,-0.490385,0.483845,2.318870,-0.449845,-0.084370,2.444858,-0.390420,-0.087495,2.438119,-0.496282,-0.078855,2.376675,-0.401471,0.279790,2.729200,-0.359078,0.051000,2.645139,-0.352820,-0.034366,2.618746,-0.343874,-0.065609,2.599945,-0.352913,-0.030892,2.586150,-0.497994,0.195283,2.247297,-0.459275,-0.033070,2.223080,-0.445999,-0.083420,2.251962,-0.434959,-0.151443,2.276144,-0.485783,-0.106748,2.208550,-0.393991,-0.507911,2.394456,-0.619229,-0.785877,2.497027,-0.521506,-0.832735,2.399094,-0.179020,-0.237401,2.299676,-0.317364,-0.579832,2.370488,-0.297884,-0.693354,2.349435
-0.395627,0.745253,2.495409,-0.496521,0.648088,2.447717,-0.494372,0.560309,2.453238,-0.489332,0.292323,2.457872,-0.373640,0.520275,2.570197,-0.534063,0.494992,2.299074,-0.487412,-0.075024,2.452598,-0.444380,-0.083041,2.439647,-0.520521,-0.066780,2.391053,-0.453501,0.289145,2.710669,-0.410884,0.060278,2.626667,-0.442840,-0.016960,2.594469,-0.433529,-0.048273,2.575725,-0.442087,-0.013646,2.562001,-0.524214,0.206445,2.226385,-0.463614,-0.025542,2.214508,-0.465307,-0.074942,2.227321,-0.446846,-0.136555,2.255173,-0.428394,-0.044005,2.286857,-0.489287,-0.551035,2.381053,-0.713902,-0.828692,2.483658,-0.600543,-0.837514,2.385176,-0.281555,-0.315543,2.269058,-0.408652,-0.661718,2.339020,-0.383848,-0.770076,2.336137
-0.411199,0.750347,2.488205,-0.509114,0.649714,2.442004,-0.510176,0.562231,2.446806,-0.511860,0.293671,2.452099,-0.386194,0.521894,2.564512,-0.552722,0.496720,2.291340,-0.511090,-0.074677,2.450131,-0.465855,-0.081867,2.447279,-0.543798,-0.065851,2.378100,-0.465958,0.290742,2.705002,-0.423283,0.061864,2.621014,-0.454769,-0.015635,2.588975,-0.445407,-0.046954,2.570240,-0.453900,-0.012334,2.556526,-0.545377,0.212455,2.211112,-0.468374,-0.018370,2.209639,-0.467543,-0.069453,2.219639,-0.442386,-0.126274,2.249680,-0.427433,-0.069607,2.196096,-0.524149,-0.444928,2.353687,-0.748553,-0.723269,2.456271,-0.679237,-0.822288,2.425038,-0.298413,-0.313079,2.269224,-0.454179,-0.649131,2.331354,-0.364043,-0.681351,2.242539
-0.443370,0.760362,2.479894,-0.534635,0.652355,2.429198,-0.535066,0.566780,2.435509,-0.535246,0.303519,2.444999,-0.411635,0.524524,2.551765,-0.575325,0.497441,2.281286,-0.536141,-0.055466,2.447487,-0.495923,-0.058395,2.431655,-0.563574,-0.048989,2.386816,-0.491197,0.293329,2.692291,-0.543572,0.019191,2.603900,-0.557026,-0.034876,2.534227,-0.547226,-0.066118,2.515579,-0.555142,-0.031392,2.501981,-0.552413,0.215895,2.207106,-0.470191,-0.012967,2.205074,-0.472310,-0.059413,2.221285,-0.432663,-0.111353,2.236193,-0.430332,-0.031400,2.194652,-0.438612,-0.381035,2.509458,-0.663624,-0.659793,2.612099,-0.647027,-0.724067,2.477494,-0.549077,-0.468359,2.339803,-0.568801,-0.776899,2.344571,-0.453490,-0.816887,2.328125
-0.455535,0.752449,2.479625,-0.552729,0.651986,2.422918,-0.551780,0.564807,2.431772,-0.549569,0.296879,2.448102,-0.429677,0.524155,2.545520,-0.591379,0.498240,2.272765,-0.549700,-0.073924,2.463737,-0.507358,-0.075116,2.440075,-0.577385,-0.071772,2.417228,-0.509096,0.292954,2.686065,-0.499983,0.003115,2.679455,-0.497700,-0.093060,2.681235,-0.488240,-0.124076,2.662520,-0.496602,-0.089072,2.648842,-0.564591,0.218810,2.201070,-0.471278,-0.009915,2.203027,-0.465438,-0.052837,2.221513,-0.420866,-0.099726,2.235157,-0.420923,-0.016957,2.196778,-0.450358,-0.402214,2.504823,-0.659519,-0.690151,2.614015,-0.648107,-0.743934,2.472477,-0.579821,-0.486982,2.325999,-0.601157,-0.777291,2.338156,-0.492700,-0.826780,2.315542
-0.472481,0.751733,2.473859,-0.569540,0.651559,2.417053,-0.568360,0.565532,2.426246,-0.562773,0.300554,2.444641,-0.446439,0.523731,2.539687,-0.608389,0.498268,2.265728,-0.557180,-0.064840,2.460688,-0.515458,-0.068410,2.437786,-0.583491,-0.058701,2.411189,-0.525703,0.292587,2.680208,-0.513893,0.002920,2.674541,-0.510737,-0.093198,2.676630,-0.501225,-0.124213,2.657924,-0.509519,-0.089209,2.644259,-0.583435,0.228969,2.190541,-0.489207,0.026760,2.192730,-0.461884,-0.032775,2.216624,-0.413789,-0.086876,2.234178,-0.432693,-0.007011,2.184403,-0.480445,-0.421919,2.489099,-0.569964,-0.775469,2.454165,-0.487793,-0.833984,2.392578,-0.597877,-0.472465,2.334055,-0.632909,-0.779394,2.327246,-0.551758,-0.828613,2.306641
-0.501319,0.758466,2.461233,-0.590933,0.650032,2.406912,-0.591675,0.563212,2.415969,-0.592732,0.295004,2.434012,-0.467765,0.522203,2.529590,-0.633641,0.498225,2.254386,-0.593458,-0.075301,2.448362,-0.547727,-0.080932,2.441243,-0.626772,-0.069565,2.376302,-0.546831,0.291124,2.670087,-0.534771,0.001550,2.664506,-0.531564,-0.094537,2.666618,-0.521967,-0.125547,2.647929,-0.530150,-0.090534,2.634286,-0.601363,0.230896,2.185040,-0.484133,0.016781,2.193567,-0.454531,-0.024414,2.212777,-0.414899,-0.076158,2.242055,-0.429791,0.009815,2.203423,-0.491185,-0.492290,2.487823,-0.526351,-0.809802,2.476658,-0.415076,-0.844157,2.392002,-0.665307,-0.466456,2.301741,-0.689745,-0.766428,2.319078,-0.616014,-0.822754,2.286489
-0.510372,0.756749,2.456640,-0.601265,0.649924,2.403302,-0.600884,0.562407,2.412844,-0.598368,0.293074,2.432307,-0.478067,0.522096,2.526001,-0.643582,0.497692,2.250146,-0.595127,-0.076912,2.447938,-0.550656,-0.083708,2.439851,-0.626773,-0.070039,2.377316,-0.557036,0.291056,2.666481,-0.544933,0.001536,2.660915,-0.541728,-0.094534,2.663028,-0.532090,-0.125543,2.644348,-0.540220,-0.090530,2.630716,-0.608024,0.229532,2.182282,-0.483343,0.014104,2.194067,-0.454906,-0.026271,2.210180,-0.416591,-0.076623,2.242092,-0.429501,-0.000151,2.197274,-0.488081,-0.463759,2.484099,-0.432287,-0.815552,2.475871,-0.457269,-0.851077,2.368821,-0.682074,-0.459903,2.293331,-0.743699,-0.773923,2.296995,-0.627954,-0.824232,2.272679
-0.527800,0.765703,2.445155,-0.606535,0.647256,2.401152,-0.607043,0.560749,2.410123,-0.608183,0.295459,2.427238,-0.483321,0.519434,2.523858,-0.649234,0.496392,2.246938,-0.610894,-0.064209,2.438264,-0.565860,-0.073072,2.430833,-0.637953,-0.055660,2.371430,-0.562231,0.288452,2.664309,-0.501135,0.025322,2.547771,-0.485427,0.033133,2.460686,-0.475848,0.001605,2.441997,-0.484058,0.035968,2.428333,-0.611435,0.226502,2.180262,-0.482563,0.007212,2.196158,-0.457089,-0.032992,2.212334,-0.417702,-0.079687,2.243838,-0.432280,-0.001509,2.202634,-0.488110,-0.463566,2.484143,-0.432481,-0.816363,2.476124,-0.457452,-0.851864,2.369102,-0.729016,-0.476377,2.276245,-0.775161,-0.791343,2.286711,-0.671875,-0.845215,2.251953
-0.527708,0.755901,2.447163,-0.612513,0.643052,2.397172,-0.613778,0.557830,2.405745,-0.617027,0.296374,2.421692,-0.489276,0.515236,2.519886,-0.653502,0.494001,2.243674,-0.620967,-0.058772,2.432141,-0.577275,-0.067137,2.423987,-0.646413,-0.049740,2.366521,-0.568135,0.284276,2.660335,-0.505738,0.021278,2.544219,-0.444712,0.028084,2.479687,-0.435313,-0.003421,2.460963,-0.443758,0.030969,2.447255,-0.614328,0.223569,2.176089,-0.488647,0.004997,2.194549,-0.463821,-0.038932,2.206467,-0.427420,-0.087948,2.242164,-0.435869,-0.014170,2.197517,-0.519731,-0.408218,2.469220,-0.383598,-0.757786,2.458594,-0.295034,-0.791588,2.371122,-0.724128,-0.419376,2.272556,-0.825022,-0.751191,2.261501,-0.737793,-0.801270,2.263672
-0.527202,0.750587,2.448735,-0.615495,0.641411,2.396136,-0.617239,0.556736,2.404026,-0.621960,0.297244,2.417480,-0.492248,0.513600,2.518853,-0.656409,0.493032,2.243068,-0.627434,-0.054964,2.423604,-0.582443,-0.063864,2.418037,-0.653760,-0.044973,2.355510,-0.571083,0.282650,2.659302,-0.508214,0.019732,2.543265,-0.445769,0.027116,2.480146,-0.436365,-0.004385,2.461422,-0.446616,0.030862,2.446317,-0.616721,0.220451,2.175470,-0.500123,0.001257,2.190157,-0.475714,-0.044542,2.205577,-0.436334,-0.098700,2.233525,-0.444541,-0.027971,2.193421,-0.517597,-0.410119,2.468757,-0.432671,-0.779423,2.460008,-0.343397,-0.812939,2.372617,-0.727772,-0.420707,2.271429,-0.839615,-0.746710,2.255912,-0.754070,-0.802953,2.265917
-0.527456,0.747012,2.450103,-0.617579,0.639938,2.395928,-0.619729,0.555240,2.403154,-0.625543,0.295409,2.414265,-0.494326,0.512130,2.518646,-0.657864,0.492117,2.242729,-0.632188,-0.058620,2.416460,-0.587524,-0.068766,2.409544,-0.657776,-0.047138,2.350086,-0.573144,0.281191,2.659094,-0.510029,0.018332,2.543064,-0.450985,0.025785,2.476816,-0.441558,-0.005711,2.458096,-0.448641,0.030473,2.444992,-0.618798,0.217361,2.175037,-0.508764,-0.005890,2.188097,-0.489778,-0.053474,2.203015,-0.451856,-0.111098,2.233231,-0.452877,-0.037125,2.194055,-0.517425,-0.409036,2.466785,-0.359686,-0.754031,2.437155,-0.271191,-0.787703,2.349642,-0.730745,-0.420865,2.271204,-0.861306,-0.741692,2.248970,-0.838135,-0.822197,2.217306
-0.527850,0.746160,2.450686,-0.617925,0.639053,2.396740,-0.620064,0.554512,2.404014,-0.625644,0.294880,2.415891,-0.494672,0.511250,2.519457,-0.658029,0.491442,2.242788,-0.631201,-0.059280,2.421675,-0.587830,-0.068655,2.411619,-0.654329,-0.049067,2.360505,-0.573487,0.280319,2.659902,-0.510305,0.017478,2.543875,-0.441600,0.024887,2.487505,-0.432219,-0.006605,2.468777,-0.440688,0.027804,2.455065,-0.620602,0.214573,2.175239,-0.517577,-0.009439,2.185350,-0.503074,-0.058993,2.199986,-0.467060,-0.117689,2.223019,-0.476842,-0.043350,2.169073,-0.500354,-0.492388,2.447503,-0.411691,-0.756742,2.412650,-0.322299,-0.790421,2.325431,-0.732310,-0.419159,2.271480,-0.879533,-0.739612,2.243273,-0.814453,-0.801758,2.257813
-0.527640,0.746020,2.451735,-0.617730,0.638923,2.398124,-0.619598,0.554404,2.405676,-0.623341,0.294775,2.419376,-0.494480,0.511122,2.520838,-0.657612,0.490973,2.243736,-0.623928,-0.059945,2.429302,-0.584668,-0.068267,2.413908,-0.643046,-0.051072,2.374564,-0.573299,0.280196,2.661281,-0.510050,0.017358,2.545290,-0.438409,0.024351,2.492570,-0.429045,-0.007138,2.473839,-0.437535,0.027273,2.460124,-0.621306,0.214100,2.175580,-0.523902,-0.008153,2.181781,-0.518132,-0.061346,2.194940,-0.481648,-0.121449,2.215844,-0.492595,-0.043806,2.163867,-0.500631,-0.489985,2.447081,-0.416091,-0.755670,2.412519,-0.465879,-0.818034,2.375089,-0.732869,-0.417793,2.271323,-0.900636,-0.740722,2.235616,-0.830770,-0.801045,2.217143
1.261443,-0.282780,4.265263,1.251044,-0.360253,4.193112,1.252849,-0.363954,4.201756,1.256703,-0.374649,4.222481,1.341541,-0.316452,4.170187,1.146743,-0.412818,4.252586,1.260343,-0.388552,4.245158,1.298343,-0.364910,4.209079,1.210279,-0.408473,4.240596,1.288465,-0.410092,4.047287,1.170078,-0.486155,3.971584,1.144868,-0.492829,3.973197,1.115574,-0.500125,3.971439,1.137517,-0.484336,3.965800,1.111504,-0.469961,4.102298,0.991263,-0.370352,4.075201,0.953588,-0.369142,4.065533,0.952231,-0.368616,4.059746,0.950460,-0.367931,4.052197,1.172354,-0.493568,3.978205,1.308558,-0.421144,4.088346,1.360690,-0.444078,4.113184,1.061975,-0.541403,4.166330,1.034564,-0.622482,4.333948,1.106321,-0.607986,4.308825
1.239123,-0.200369,4.313570,1.173818,-0.267112,4.269860,1.197352,-0.296437,4.269805,1.264921,-0.382562,4.256257,1.264363,-0.223354,4.246685,1.069481,-0.319762,4.329086,1.358267,-0.502264,4.250405,1.395475,-0.477933,4.207246,1.307308,-0.521508,4.250524,1.230335,-0.339962,4.122249,1.158679,-0.451806,4.014511,1.153545,-0.482982,3.969823,1.133069,-0.509076,3.957935,1.118562,-0.488329,3.963000,1.037997,-0.459439,4.233881,0.937547,-0.345579,4.155432,0.890233,-0.351194,4.127061,0.888893,-0.350666,4.120850,0.887145,-0.349976,4.112749,1.123997,-0.458714,4.257134,1.277507,-0.486152,3.999341,1.326274,-0.458416,3.984826,1.198876,-0.390178,4.107901,1.032117,-0.433490,4.238755,1.094775,-0.435995,4.169984
1.223420,-0.193371,4.307087,1.177815,-0.274461,4.255127,1.186184,-0.311825,4.257058,1.177081,-0.438999,4.265776,1.268369,-0.230720,4.232116,1.073551,-0.327098,4.314503,1.170836,-0.598329,4.279721,1.209141,-0.573618,4.262775,1.121170,-0.617236,4.255148,1.221785,-0.357758,4.114676,1.117080,-0.456858,4.012211,1.087072,-0.487142,3.980472,1.054468,-0.504572,3.963120,1.062191,-0.473152,3.988714,1.005161,-0.465319,4.226258,0.888517,-0.361694,4.143043,0.831788,-0.361817,4.131952,0.830590,-0.361296,4.126003,0.829028,-0.360616,4.118243,1.237023,-0.452012,3.999259,1.251167,-0.294392,4.188221,1.217991,-0.322502,4.104955,0.943345,-0.525032,4.179371,1.057400,-0.363848,4.249616,1.033175,-0.424866,4.173704
1.147359,-0.198993,4.326986,1.074619,-0.274559,4.294541,1.090699,-0.309293,4.296700,1.137829,-0.413629,4.297889,1.165265,-0.230840,4.271655,0.970504,-0.327189,4.353992,1.199731,-0.553195,4.294324,1.238153,-0.528843,4.264472,1.150146,-0.572400,4.284218,1.183431,-0.341426,4.173094,1.103499,-0.441776,4.048837,1.079903,-0.483429,3.985438,1.059061,-0.504208,3.960332,1.042354,-0.471227,3.998000,0.986089,-0.374567,4.199464,1.073595,-0.255175,4.278706,1.079158,-0.226187,4.290031,1.078582,-0.193018,4.312911,1.098553,-0.242304,4.255500,1.201257,-0.439331,3.987629,1.238122,-0.316363,4.202469,1.208038,-0.347489,4.119551,0.981630,-0.395796,4.284190,1.167037,-0.375082,4.218630,1.117463,-0.432195,4.153308
1.114608,-0.181390,4.345437,1.070784,-0.272834,4.291495,1.077612,-0.297883,4.289285,1.087803,-0.355530,4.279476,1.161428,-0.229100,4.268506,0.966621,-0.325469,4.350851,1.110970,-0.441781,4.268109,1.149678,-0.417874,4.210115,1.061466,-0.461390,4.284600,1.230356,-0.348527,4.187913,1.087976,-0.434828,4.128099,1.079842,-0.437951,4.092127,1.062655,-0.444963,4.054582,1.069241,-0.432235,4.090125,0.936189,-0.369716,4.207943,0.987202,-0.256262,4.321530,0.993564,-0.217222,4.339458,1.007582,-0.171477,4.357674,1.020430,-0.204761,4.312834,1.145419,-0.435989,3.987704,1.152043,-0.303957,4.190141,1.113899,-0.329078,4.107137,0.965464,-0.451566,4.034893,0.999478,-0.390690,4.290969,1.067809,-0.398052,4.224463
1.043319,-0.193143,4.371624,0.992015,-0.273481,4.308741,1.009612,-0.305590,4.304582,1.061371,-0.402040,4.286417,1.082718,-0.229727,4.285614,0.887853,-0.326120,4.367944,1.129572,-0.531102,4.256645,1.167933,-0.506629,4.221381,1.079814,-0.550215,4.248954,1.050432,-0.356226,4.155576,0.962770,-0.475995,4.084301,0.979220,-0.489030,4.006145,0.991452,-0.502621,3.988553,0.953685,-0.487836,3.999125,0.854202,-0.296566,4.186109,0.800641,-0.187911,4.068865,0.794255,-0.171083,4.063683,0.787674,-0.170259,4.044029,0.787993,-0.170327,4.045667,1.074371,-0.439631,4.016229,1.081095,-0.307938,4.214454,1.046232,-0.335643,4.128505,1.021773,-0.388623,4.102380,1.072535,-0.377497,4.400044,1.092698,-0.398055,4.297056
1.032342,-0.188934,4.372698,0.989272,-0.274520,4.304201,1.003999,-0.308899,4.302004,1.031271,-0.423570,4.294824,1.079974,-0.230749,4.280968,0.885062,-0.327163,4.363306,1.067589,-0.578247,4.289942,1.106170,-0.553472,4.246167,1.017974,-0.597042,4.289363,1.042531,-0.355464,4.145785,0.937141,-0.472506,4.052870,0.958916,-0.487434,4.006269,0.957653,-0.501901,3.982136,0.927219,-0.487680,3.997334,0.848599,-0.293996,4.179241,0.765146,-0.168140,4.076404,0.757981,-0.170992,4.060629,0.751418,-0.170160,4.040781,0.751761,-0.170217,4.042167,1.068206,-0.492053,4.009214,1.074882,-0.360208,4.207254,1.040579,-0.389002,4.119547,1.105518,-0.477271,4.036520,0.904311,-0.474542,4.240497,0.987488,-0.466236,4.200008
0.978810,-0.191418,4.376411,0.907449,-0.278931,4.325029,0.926206,-0.314068,4.323044,0.981548,-0.419639,4.311288,0.998222,-0.235165,4.301849,0.803335,-0.331566,4.384152,1.061980,-0.570876,4.289294,1.100610,-0.546119,4.246672,1.012484,-0.589751,4.288208,0.961088,-0.362524,4.166202,0.858470,-0.474805,4.080674,0.883141,-0.486287,4.026911,0.875604,-0.498994,4.000054,0.843295,-0.490565,4.019250,0.765060,-0.293754,4.199233,0.746387,-0.181691,4.082084,0.735384,-0.229849,4.062584,0.731235,-0.257563,4.034823,0.741197,-0.260904,4.044500,1.017919,-0.476504,4.032337,1.038480,-0.326856,4.220666,1.005219,-0.357180,4.132408,1.015953,-0.474538,4.032341,0.845706,-0.468080,4.267804,0.930139,-0.460256,4.226404
1.427318,-0.100870,4.081069,1.393716,-0.179509,4.050149,1.368463,-0.205519,4.077658,1.290350,-0.283679,4.154842,1.484052,-0.135808,4.027016,1.289151,-0.232244,4.109540,1.183632,-0.388254,4.252679,1.221675,-0.364481,4.217251,1.133553,-0.408078,4.244855,1.321238,-0.225620,4.039807,1.154594,-0.298514,4.070961,1.099812,-0.322942,4.083687,1.091993,-0.335911,4.056924,1.059312,-0.327831,4.076240,1.249349,-0.194284,3.923317,1.404380,-0.187679,4.010756,1.445618,-0.184875,4.041526,1.493577,-0.188499,4.058061,1.450887,-0.153378,4.027572,0.985414,-0.459679,4.056467,1.040041,-0.259984,4.274746,1.032104,-0.317486,4.199382,1.035571,-0.368056,4.036073,0.849851,-0.420758,4.267612,0.934988,-0.423343,4.225452
1.433191,-0.108773,4.091217,1.367772,-0.167562,4.058611,1.346290,-0.192279,4.082006,1.275121,-0.264868,4.148851,1.458139,-0.123880,4.035538,1.263265,-0.220303,4.118044,1.174616,-0.352103,4.226876,1.207526,-0.344140,4.240043,1.131732,-0.356133,4.162846,1.385626,-0.291188,4.034150,1.262830,-0.394476,4.113908,1.247301,-0.437333,4.136985,1.229596,-0.442667,4.138719,1.247182,-0.420521,4.141500,1.224140,-0.182958,3.934691,1.280698,-0.070735,4.029252,1.275328,-0.032573,4.043638,1.264950,0.020020,4.048393,1.246457,-0.031910,4.054400,1.343366,-0.434586,4.103514,1.428205,-0.239265,4.144872,1.412940,-0.290479,4.066396,0.952745,-0.379857,4.244787,0.778776,-0.327408,4.361586,0.811147,-0.359316,4.264536
1.358184,-0.123811,4.104410,1.378224,-0.185911,4.083207,1.347198,-0.207274,4.106522,1.246178,-0.276994,4.183205,1.468577,-0.142208,4.060069,1.273682,-0.238639,4.142580,1.105150,-0.364864,4.273513,1.143568,-0.341202,4.243823,1.055477,-0.384810,4.259681,1.406000,-0.296117,4.057502,1.278688,-0.389017,4.104379,1.215803,-0.433869,4.122818,1.198586,-0.450639,4.108876,1.209764,-0.424730,4.116600,1.237691,-0.204515,3.974425,1.269819,-0.084047,4.031824,1.251034,-0.049969,4.046843,1.232542,-0.027479,4.049226,1.216200,-0.051597,4.031222,1.231930,-0.503929,4.116134,1.252368,-0.261810,4.200733,1.247182,-0.316344,4.135053,0.852864,-0.441354,4.304359,0.839352,-0.334564,4.312602,0.866122,-0.365906,4.222421
1.307986,-0.114539,4.112803,1.313725,-0.181327,4.084956,1.283626,-0.206994,4.108837,1.191074,-0.284124,4.175195,1.404141,-0.137634,4.061873,1.209262,-0.234055,4.144356,1.067582,-0.385944,4.259474,1.107541,-0.361455,4.237676,1.015956,-0.407089,4.237431,1.342719,-0.288844,4.058200,1.240993,-0.377779,4.142725,1.207847,-0.407586,4.173198,1.190691,-0.424409,4.159349,1.201947,-0.398573,4.167195,1.225521,-0.084713,4.072128,1.169355,0.022184,4.059414,1.191491,0.027582,4.082744,1.173127,0.049955,4.085204,1.166509,0.023084,4.066912,1.200391,-0.520503,4.116748,1.240512,-0.315526,4.176914,1.223575,-0.349981,4.108097,0.821850,-0.379376,4.308697,0.961454,-0.453243,4.095138,0.925028,-0.461278,4.034263
1.279272,-0.179518,4.129753,1.286455,-0.266494,4.118231,1.257798,-0.283673,4.140741,1.169774,-0.335104,4.203272,1.376921,-0.222766,4.095357,1.182133,-0.319136,4.177786,1.054796,-0.398565,4.274358,1.093243,-0.375659,4.256872,1.005889,-0.417997,4.251368,1.316320,-0.372377,4.092163,1.180398,-0.432013,4.150810,1.133922,-0.444773,4.156087,1.097977,-0.459754,4.189355,1.123356,-0.447886,4.158500,1.177041,-0.171408,4.103079,1.169456,-0.010903,4.087259,1.161553,0.015157,4.088618,1.161630,0.027530,4.074353,1.154201,0.014303,4.083000,1.233183,-0.458708,4.108509,1.239164,-0.263678,4.195300,1.277408,-0.243724,4.224473,0.842415,-0.516917,4.324064,0.877138,-0.275455,4.273839,0.891276,-0.320957,4.258767
1.257565,-0.133168,4.131638,1.290543,-0.185436,4.122649,1.257358,-0.208325,4.146742,1.155647,-0.277070,4.213956,1.292508,-0.288945,4.103762,1.186192,-0.238148,4.182164,1.017604,-0.369006,4.298757,1.058271,-0.384548,4.263379,0.973313,-0.348397,4.291985,1.232382,-0.437503,4.100317,1.192543,-0.448536,3.982899,1.179929,-0.452452,3.945978,1.143819,-0.467386,3.979208,1.168995,-0.455455,3.948296,1.181061,-0.091462,4.107676,1.112353,0.004098,4.119972,1.090093,0.035901,4.126305,1.090252,0.048246,4.111926,1.082931,0.034981,4.120425,1.251511,-0.319370,4.223504,1.248979,-0.183717,4.262031,1.215240,-0.204056,4.195383,0.813266,-0.474677,4.327630,0.881124,-0.194647,4.278062,0.894914,-0.239825,4.262602
1.208402,-0.132429,4.130372,1.225889,-0.191361,4.112534,1.237451,-0.214899,4.131056,1.236419,-0.297736,4.158796,1.227966,-0.294825,4.093875,1.121709,-0.244053,4.172247,1.245062,-0.404484,4.198800,1.275077,-0.419677,4.154509,1.203928,-0.385679,4.205580,1.216412,-0.439723,4.057322,1.256667,-0.298397,4.006300,1.304001,-0.308002,3.987103,1.267883,-0.323182,4.020777,1.307095,-0.302572,3.959693,1.116992,-0.102979,4.100911,1.115587,0.008670,4.115864,1.098226,0.019398,4.103765,1.096667,0.027701,4.097942,1.089436,0.016569,4.091500,1.148736,-0.316553,4.259722,1.248116,-0.184087,4.260563,1.210995,-0.213697,4.204412,1.034515,-0.449448,4.282046,1.100540,-0.209662,4.213833,1.113503,-0.254427,4.200059
1.193298,-0.140372,4.134724,1.217908,-0.192826,4.116261,1.217824,-0.220182,4.133143,1.211190,-0.305714,4.164569,1.220027,-0.296265,4.097731,1.113805,-0.245508,4.176091,1.194705,-0.422928,4.205995,1.222810,-0.436996,4.174204,1.156373,-0.405241,4.201782,1.209243,-0.420857,4.119077,1.248495,-0.283312,4.069486,1.259628,-0.278167,4.108593,1.251961,-0.272146,4.101565,1.242414,-0.272562,4.091003,1.109268,-0.108174,4.106779,1.062017,-0.008764,4.117449,1.064995,0.004124,4.114138,1.067384,0.016657,4.112657,1.057411,-0.000063,4.095500,1.069513,-0.404772,4.265133,1.168891,-0.252753,4.275476,1.161040,-0.296940,4.209451,0.992484,-0.423028,4.279125,1.020897,-0.213300,4.232652,1.042651,-0.261935,4.179322
1.139284,-0.127135,4.147395,1.148619,-0.183528,4.126375,1.149483,-0.214851,4.141377,1.150767,-0.308990,4.181830,1.133115,-0.261413,4.111843,1.044594,-0.236213,4.186238,1.151195,-0.434913,4.231389,1.178047,-0.442064,4.195979,1.114855,-0.424117,4.231403,1.221264,-0.369958,4.134111,1.218007,-0.267048,4.096835,1.202856,-0.266768,4.103388,1.210154,-0.261605,4.109445,1.185858,-0.261207,4.086003,1.043298,-0.113908,4.098862,1.040981,-0.004309,4.095474,1.032126,0.005505,4.117248,1.027448,0.016642,4.108029,1.035601,0.011044,4.096500,1.024909,-0.412170,4.268512,1.161040,-0.442710,4.101745,1.152841,-0.456544,4.037103,0.936952,-0.418157,4.246995,0.988496,-0.464889,4.100005,1.047217,-0.460876,4.065525
1.084570,-0.124162,4.148295,1.133061,-0.185360,4.132705,1.136255,-0.216209,4.146812,1.143365,-0.309242,4.184939,1.208529,-0.307045,4.162056,1.029073,-0.238040,4.192608,1.148776,-0.434413,4.232179,1.175901,-0.443402,4.210376,1.109000,-0.421768,4.226071,1.233262,-0.404676,4.120681,1.205565,-0.262016,4.105943,1.196899,-0.214647,4.102919,1.204227,-0.209553,4.109057,1.179972,-0.209241,4.085722,0.985579,-0.122481,4.106650,0.987572,-0.019027,4.128557,0.994739,0.000576,4.127913,0.998216,0.016712,4.124427,0.999742,-0.000047,4.119250,1.032978,-0.403074,4.088790,1.224692,-0.357406,4.157482,1.190893,-0.398261,4.098981,0.946444,-0.356661,4.254204,1.057181,-0.433080,4.178699,1.092055,-0.441883,4.109645
1.055891,-0.118369,4.152228,1.065778,-0.187298,4.137262,1.070970,-0.216655,4.153313,1.085419,-0.304862,4.197031,1.101392,-0.171816,4.150117,0.961855,-0.239973,4.197186,1.103832,-0.422872,4.250959,1.133964,-0.404104,4.228005,1.065171,-0.437817,4.239600,1.177288,-0.292587,4.146067,1.089371,-0.176963,4.143486,1.077401,-0.147893,4.126965,1.055902,-0.133816,4.111294,1.064351,-0.154131,4.108334,0.926495,-0.124572,4.108688,0.954104,-0.030417,4.149331,0.955123,-0.004707,4.154649,0.964387,0.016805,4.146333,0.958293,-0.016988,4.156250,1.025350,-0.406181,4.068352,1.206142,-0.368232,4.138825,1.176174,-0.413459,4.082427,0.938540,-0.314311,4.254544,0.954373,-0.461549,4.244434,0.998821,-0.458314,4.182118
1.009416,-0.124216,4.166684,1.049870,-0.192011,4.149412,1.061606,-0.219200,4.162904,1.086622,-0.303845,4.203028,1.085505,-0.176530,4.162307,0.945982,-0.244680,4.209369,1.127842,-0.413166,4.262584,1.161452,-0.389323,4.254761,1.087523,-0.431832,4.241069,1.153744,-0.300670,4.166811,1.056377,-0.194919,4.144621,1.029930,-0.165182,4.133003,1.001106,-0.133940,4.113719,1.008937,-0.176779,4.115667,0.890114,-0.187434,4.081253,0.985037,-0.129407,4.164686,0.993198,-0.151169,4.126992,1.002430,-0.129489,4.118764,0.996297,-0.163061,4.128796,1.097329,-0.379231,4.076642,1.216955,-0.333839,4.172063,1.159117,-0.364707,4.131628,0.958709,-0.314618,4.246383,0.982433,-0.437290,4.145435,1.002540,-0.445470,4.087124
0.989755,-0.183687,4.184933,0.987536,-0.264949,4.168395,0.992099,-0.290052,4.184498,1.004750,-0.365358,4.228396,1.023212,-0.249417,4.181267,0.883681,-0.317565,4.228310,1.020629,-0.465945,4.282690,1.049649,-0.454489,4.262375,0.983481,-0.473690,4.268896,1.094127,-0.371585,4.183403,1.015105,-0.252871,4.157011,0.988830,-0.211212,4.136908,0.970989,-0.179180,4.127273,0.975627,-0.222634,4.123600,0.836344,-0.259512,4.097546,0.913513,-0.157516,4.154667,0.936942,-0.143126,4.124248,0.941832,-0.134237,4.121284,0.945592,-0.145137,4.113500,0.942107,-0.402126,4.112082,1.051537,-0.350512,4.188502,1.065194,-0.401737,4.132121,0.873203,-0.343938,4.260881,0.990318,-0.437551,4.135772,0.981122,-0.472687,4.072871
0.949130,-0.123846,4.194143,0.974438,-0.175517,4.180938,0.974321,-0.207080,4.198026,0.972864,-0.301947,4.244756,1.010110,-0.160041,4.193727,0.870558,-0.228202,4.240779,0.969828,-0.428839,4.302705,1.002809,-0.413700,4.301377,0.928913,-0.440473,4.268849,1.084445,-0.288174,4.196117,0.970142,-0.194386,4.159709,0.938543,-0.165336,4.147634,0.898383,-0.128830,4.125974,0.931047,-0.186600,4.135250,0.821048,-0.167591,4.103997,0.902658,-0.063705,4.167284,0.929616,-0.066907,4.155140,0.945902,-0.062197,4.163463,0.930501,-0.067541,4.144834,0.973059,-0.199010,4.194465,1.046038,-0.384096,4.213644,1.015373,-0.416200,4.141151,0.953001,-0.228848,4.163550,0.981605,-0.426539,4.137188,1.000806,-0.453085,4.083540

